[
  {
    "id": "3e4bb836-cb82-4f0b-a808-de7050b5ef6a",
    "stockCode": "STK-6KVT5",
    "inXml": true,
    "originalUrl": "https://instagram.ffru2-1.fna.fbcdn.net/v/t51.71878-15/624544315_748401574596105_5681802641003334055_n.jpg?stp=dst-jpg_e15_tt6&_nc_cat=111&ig_cache_key=MzgyMDM5Mjc4OTc2NjcxOTYzNg%3D%3D.3-ccb7-5&ccb=7-5&_nc_sid=58cdad&efg=eyJ2ZW5jb2RlX3RhZyI6InhwaWRzLjY0MHgxMTM2LnNkci5DMyJ9&_nc_ohc=GbTU75Z8j0cQ7kNvwE0qRUa&_nc_oc=Adn16vSHF6AQUpP90DiNrU4dC0zaWIHqLoIjZjRaaFVRgFD2AQhvyFpD4Hb5hwt13Eo&_nc_ad=z-m&_nc_cid=0&_nc_zt=23&_nc_ht=instagram.ffru2-1.fna&_nc_gid=9IckhWuG0kMbhQxJCvmNNA&oh=00_AfvWFQTteG4pk9QWS8FyZRrB1yf2ehl04UeCKPP3D8eXOw&oe=69832981",
    "imageUrl": "/uploads/64c0a58e-ed34-4bae-824b-b91baa99f091.jpg",
    "title": "deneme",
    "details": {
      "width": "12",
      "height": "",
      "price": "123",
      "moldPrice": "322",
      "quantity": "20",
      "description": "Deneme Açıklama"
    },
    "createdAt": "2026-01-31T07:27:36.979Z",
    "category": "Silikon Kalıp"
  },
  {
    "id": "b8632e6e-bb4e-4860-8012-94b658e31290",
    "stockCode": "STK-8PBG1",
    "inXml": true,
    "originalUrl": "https://instagram.ffru2-1.fna.fbcdn.net/v/t51.71878-15/622851230_757076914101421_5688255710924472587_n.jpg?stp=dst-jpg_e15_tt6&_nc_cat=100&ig_cache_key=MzgxOTY3OTQyNTM2MDk3MTc2Nw%3D%3D.3-ccb7-5&ccb=7-5&_nc_sid=58cdad&efg=eyJ2ZW5jb2RlX3RhZyI6InhwaWRzLjY0MHgxMTM2LnNkci5DMyJ9&_nc_ohc=YH0RK7oZNiIQ7kNvwGGg47c&_nc_oc=AdkAKwsK9PKzzIcldh1IFdeIEbg9ClfmzyhedJZrHCULsTnFihO9-_-wwF_aP7E6d80&_nc_ad=z-m&_nc_cid=0&_nc_zt=23&_nc_ht=instagram.ffru2-1.fna&_nc_gid=9IckhWuG0kMbhQxJCvmNNA&oh=00_AfvZPWBSeAF7qYQWG-DSVArApTvQBz1QwmHv_YfbowmG1A&oe=69833AFA",
    "imageUrl": "/uploads/33659b19-36a6-4d19-9d65-154c4e39cc0e.jpg",
    "title": "Görsel Ürün",
    "details": {
      "width": "",
      "height": "",
      "price": "",
      "moldPrice": "",
      "quantity": 1,
      "description": ""
    },
    "createdAt": "2026-01-31T07:27:36.988Z"
  },
  {
    "id": "86c96787-0deb-4554-a952-9519275092e4",
    "stockCode": "STK-0MT45",
    "inXml": true,
    "originalUrl": "https://instagram.ffru2-1.fna.fbcdn.net/v/t51.71878-15/623011512_2145890036166452_6608764591382093838_n.jpg?stp=dst-jpg_e15_tt6&_nc_cat=111&ig_cache_key=MzgxOTY3NTg0MjU5NDg5Njc1MQ%3D%3D.3-ccb7-5&ccb=7-5&_nc_sid=58cdad&efg=eyJ2ZW5jb2RlX3RhZyI6InhwaWRzLjY0MHgxMTM2LnNkci5DMyJ9&_nc_ohc=MkP2qbrcHIgQ7kNvwHMJblQ&_nc_oc=Adk2CF5effltSzcZHY4rFfGLt4dcNUbYRWMRufriKWG5ED8Cm8pAPwrYz0BFYiguD2Q&_nc_ad=z-m&_nc_cid=0&_nc_zt=23&_nc_ht=instagram.ffru2-1.fna&_nc_gid=9IckhWuG0kMbhQxJCvmNNA&oh=00_AfvGV-C2t3fUzGqyQAs6ei87LlzPBYgteiXyhGWu5uIcNQ&oe=69833B0C",
    "imageUrl": "/uploads/172006c8-8da0-418e-8002-feae09e33673.jpg",
    "title": "Görsel Ürün",
    "details": {
      "width": "",
      "height": "",
      "price": "",
      "moldPrice": "",
      "quantity": 1,
      "description": ""
    },
    "createdAt": "2026-01-31T07:27:36.996Z"
  },
  {
    "id": "fa2e0918-093f-4c19-a94e-ecf94a2f048f",
    "stockCode": "STK-SDP6F",
    "inXml": true,
    "originalUrl": "https://instagram.ffru2-1.fna.fbcdn.net/v/t51.71878-15/620990702_1238998925031207_1662466073101473757_n.jpg?stp=dst-jpg_e15_tt6&_nc_cat=110&ig_cache_key=MzgxODk3NzI4ODE5MjY5ODIxNA%3D%3D.3-ccb7-5&ccb=7-5&_nc_sid=58cdad&efg=eyJ2ZW5jb2RlX3RhZyI6InhwaWRzLjY0MHgxMTM2LnNkci5DMyJ9&_nc_ohc=iM-M2sTmhfMQ7kNvwEkMLDt&_nc_oc=AdlYH5gDkEsgH-JSkFFbVBtlQp6zzjpTVbZ-G3YmeZQEobnGixWZkhfa9Zby7jjqUcg&_nc_ad=z-m&_nc_cid=0&_nc_zt=23&_nc_ht=instagram.ffru2-1.fna&_nc_gid=9IckhWuG0kMbhQxJCvmNNA&oh=00_Aft6hGs2GmDzvbf4xCZfy5FmkM0nTVWg74jIPwVs3VX-vQ&oe=69833D98",
    "imageUrl": "/uploads/4b5af38c-ba0c-42c8-87b7-28680957a8dd.jpg",
    "title": "Görsel Ürün",
    "details": {
      "width": "",
      "height": "",
      "price": "",
      "moldPrice": "",
      "quantity": 1,
      "description": ""
    },
    "createdAt": "2026-01-31T07:27:37.003Z"
  },
  {
    "id": "7049cbdd-31d9-4b61-9828-d9491227bce0",
    "stockCode": "STK-ZR7YE",
    "inXml": true,
    "originalUrl": "https://instagram.ffru2-1.fna.fbcdn.net/v/t51.71878-15/620907231_1218663263709252_6206475215736104890_n.jpg?stp=dst-jpg_e15_tt6&_nc_cat=105&ig_cache_key=MzgxODk3MTY0MzkwMTAzNTY4OQ%3D%3D.3-ccb7-5&ccb=7-5&_nc_sid=58cdad&efg=eyJ2ZW5jb2RlX3RhZyI6InhwaWRzLjY0MHgxMTM2LnNkci5DMyJ9&_nc_ohc=eLtbhC4laC8Q7kNvwGv9Krs&_nc_oc=AdlMNaXF2DKQFAHpfTugVkWOBxaRP3sk5V3G8C2Bm93S3LvMmj214K7uenbYS14O898&_nc_ad=z-m&_nc_cid=0&_nc_zt=23&_nc_ht=instagram.ffru2-1.fna&_nc_gid=9IckhWuG0kMbhQxJCvmNNA&oh=00_AfvMz5ZOw0Bmd8VRKLlVcATnx-NQiNBT2BEVZAt_iS0Ayg&oe=69834DDC",
    "imageUrl": "/uploads/2fb0a389-79c4-402a-8664-b3db1763d178.jpg",
    "title": "Görsel Ürün",
    "details": {
      "width": "",
      "height": "",
      "price": "",
      "moldPrice": "",
      "quantity": "0",
      "description": ""
    },
    "createdAt": "2026-01-31T07:27:37.010Z"
  },
  {
    "id": "65545921-bb85-46d0-b6b3-70a4c082246d",
    "stockCode": "STK-BBBWH",
    "inXml": true,
    "originalUrl": "https://instagram.ffru2-1.fna.fbcdn.net/v/t51.71878-15/623060916_26446204891634334_7138756756805367800_n.jpg?stp=dst-jpg_e15_tt6&_nc_cat=101&ig_cache_key=MzgxODI3NDk5MTY4Mjc3ODg1OQ%3D%3D.3-ccb7-5&ccb=7-5&_nc_sid=58cdad&efg=eyJ2ZW5jb2RlX3RhZyI6InhwaWRzLjY0MHgxMTM2LnNkci5DMyJ9&_nc_ohc=vjPXmTsPL4AQ7kNvwEU_fXj&_nc_oc=AdkZE86vJIedNpOQCxsj4y69T069obMH5GNe5E_EFpq7RGmtb3Awwgm-i011KRRzXvk&_nc_ad=z-m&_nc_cid=0&_nc_zt=23&_nc_ht=instagram.ffru2-1.fna&_nc_gid=9IckhWuG0kMbhQxJCvmNNA&oh=00_AfuvYPsSK5wgPJsa__F36As_IdmT9VXW-o5B7Ns0evSpCA&oe=69834260",
    "imageUrl": "/uploads/f1dad70a-27fc-463e-b8fd-40b524d8fe22.jpg",
    "title": "Görsel Ürün",
    "details": {
      "width": "",
      "height": "",
      "price": "",
      "moldPrice": "",
      "quantity": 1,
      "description": ""
    },
    "createdAt": "2026-01-31T07:27:37.017Z"
  },
  {
    "id": "267cabe0-4b1a-4085-a5f6-4464e56925cd",
    "stockCode": "STK-OVOKV",
    "inXml": true,
    "originalUrl": "https://instagram.ffru2-1.fna.fbcdn.net/v/t51.71878-15/622226387_807418118424070_1015548398164295320_n.jpg?stp=dst-jpg_e15_tt6&_nc_cat=111&ig_cache_key=MzgxODI2NzIzMTU3NDQyNjY5Mw%3D%3D.3-ccb7-5&ccb=7-5&_nc_sid=58cdad&efg=eyJ2ZW5jb2RlX3RhZyI6InhwaWRzLjY0MHgxMTM2LnNkci5DMyJ9&_nc_ohc=TLZMjxGbtEcQ7kNvwHQXZbI&_nc_oc=AdmxC9BJjhIWkykrGqNMu_uiuyU2U9ML7yFmuGTM-NhxmTtjHk6SfH4506UIlV8tFnc&_nc_ad=z-m&_nc_cid=0&_nc_zt=23&_nc_ht=instagram.ffru2-1.fna&_nc_gid=9IckhWuG0kMbhQxJCvmNNA&oh=00_AftM1LXOuPFdcRIRKTV3SYW_K6tSVitvHDCu7LrLC7E1iA&oe=698344D4",
    "imageUrl": "/uploads/9db483ee-5ee6-4398-b2be-76103d65957d.jpg",
    "title": "Görsel Ürün",
    "details": {
      "width": "",
      "height": "",
      "price": "",
      "moldPrice": "",
      "quantity": 1,
      "description": ""
    },
    "createdAt": "2026-01-31T07:27:37.024Z"
  },
  {
    "id": "09b7b50e-a4a7-4c01-ac7b-96fbbbbd333f",
    "stockCode": "STK-NGOA5",
    "inXml": true,
    "originalUrl": "https://instagram.ffru2-1.fna.fbcdn.net/v/t51.71878-15/620885214_875698265051606_1051064283852812966_n.jpg?stp=dst-jpg_e15_tt6&_nc_cat=107&ig_cache_key=MzgxNzQ3NDI1ODQ1NjcwMzY1Mg%3D%3D.3-ccb7-5&ccb=7-5&_nc_sid=58cdad&efg=eyJ2ZW5jb2RlX3RhZyI6InhwaWRzLjY0MHgxMTM2LnNkci5DMyJ9&_nc_ohc=PJaFjqE20NMQ7kNvwE-HTrM&_nc_oc=AdnI02uLvYp0PZGHg5kU9n05DGIs84D2w8dt6WEG7LSrfIYWyNBBEuZMpRPcQhR7u7I&_nc_ad=z-m&_nc_cid=0&_nc_zt=23&_nc_ht=instagram.ffru2-1.fna&_nc_gid=-dvFqkoDF57n7G8obGjIeg&oh=00_Afs-6_f6i631Us8ZZK_4nGn30Bpp9E84TWorJNUJmhRHWQ&oe=69836F5A",
    "imageUrl": "/uploads/8328b65d-5673-41ce-8521-3db9a781dbca.jpg",
    "title": "Görsel Ürün",
    "details": {
      "width": "",
      "height": "",
      "price": "",
      "moldPrice": "",
      "quantity": 1,
      "description": ""
    },
    "createdAt": "2026-01-31T07:27:37.034Z"
  },
  {
    "id": "dd8eda8f-f52a-4bc7-9f7d-8dbbbdf5c799",
    "stockCode": "STK-YV4TN",
    "inXml": true,
    "originalUrl": "https://instagram.ffru2-1.fna.fbcdn.net/v/t51.71878-15/622602394_771233215384320_3904285593938878363_n.jpg?stp=dst-jpg_e15_tt6&_nc_cat=102&ig_cache_key=MzgxNzQ2MTYyODgyMDE3Mjk0OQ%3D%3D.3-ccb7-5&ccb=7-5&_nc_sid=58cdad&efg=eyJ2ZW5jb2RlX3RhZyI6InhwaWRzLjY0MHgxMTM2LnNkci5DMyJ9&_nc_ohc=mJXzcn6fJqEQ7kNvwFUnC32&_nc_oc=AdkuLgVCqUYgez_xrGCseLqH9RhYDab2GVOYudDDN7SHdmvfOLnsnI2ORSgjIfLDUsg&_nc_ad=z-m&_nc_cid=0&_nc_zt=23&_nc_ht=instagram.ffru2-1.fna&_nc_gid=-dvFqkoDF57n7G8obGjIeg&oh=00_AftSfBjQN0Umhqb6hu8wp91xBN9Yboc0Kl1hsM4EpJF1fA&oe=698364A3",
    "imageUrl": "/uploads/0485c660-71d3-4617-8d2b-9e19c050a223.jpg",
    "title": "Görsel Ürün",
    "details": {
      "width": "",
      "height": "",
      "price": "",
      "moldPrice": "",
      "quantity": 1,
      "description": ""
    },
    "createdAt": "2026-01-31T07:27:37.042Z"
  },
  {
    "id": "a6d61906-f627-4cad-9b5e-cd05c398b55d",
    "stockCode": "STK-AOZC5",
    "inXml": true,
    "originalUrl": "https://instagram.ffru2-1.fna.fbcdn.net/v/t51.71878-15/621218321_1367484921349886_1584128833500207864_n.jpg?stp=dst-jpg_e15_tt6&_nc_cat=102&ig_cache_key=MzgxNjgyMDM5MDAxODI5NzU1Ng%3D%3D.3-ccb7-5&ccb=7-5&_nc_sid=58cdad&efg=eyJ2ZW5jb2RlX3RhZyI6InhwaWRzLjY0MHgxMTM2LnNkci5DMyJ9&_nc_ohc=SiLSvGeP__sQ7kNvwFSQpmo&_nc_oc=Adn1-dR2a0Ri6nyt6gWtswy8KeM6UPNhwZByMRbJn2xYiw7O_0ypWuvWRRiYWrfMGRU&_nc_ad=z-m&_nc_cid=0&_nc_zt=23&_nc_ht=instagram.ffru2-1.fna&_nc_gid=TsC6shX7H5_Xx75QHHvHtQ&oh=00_AftlT47ON-KSFFlL56y8OIoHy9Q-7uxhvi9MDAYUmqnqgA&oe=6983738C",
    "imageUrl": "/uploads/101b3aa0-5479-4ed7-81e1-e25457423ce2.jpg",
    "title": "Görsel Ürün",
    "details": {
      "width": "",
      "height": "",
      "price": "",
      "moldPrice": "",
      "quantity": 1,
      "description": ""
    },
    "createdAt": "2026-01-31T07:27:37.050Z"
  },
  {
    "id": "f664122d-4c2e-4838-8216-aa3cf2b27751",
    "stockCode": "STK-6FRZI",
    "inXml": true,
    "originalUrl": "https://instagram.ffru2-1.fna.fbcdn.net/v/t51.71878-15/619889955_825267967235063_5609716020880926306_n.jpg?stp=dst-jpg_e15_tt6&_nc_cat=111&ig_cache_key=MzgxNjgwMDg0MDcyODA1NDc4MA%3D%3D.3-ccb7-5&ccb=7-5&_nc_sid=58cdad&efg=eyJ2ZW5jb2RlX3RhZyI6InhwaWRzLjY0MHgxMTM2LnNkci5DMyJ9&_nc_ohc=dLqlXM6JrMoQ7kNvwFxA6ec&_nc_oc=AdnbroiNlAA1URwk106uvlbkTVjVhr7yZgI0f7EIVKQcZwYnrbFgndwOdIy4y-eGhnI&_nc_ad=z-m&_nc_cid=0&_nc_zt=23&_nc_ht=instagram.ffru2-1.fna&_nc_gid=TsC6shX7H5_Xx75QHHvHtQ&oh=00_Afu5FKq6dWXYt3rbcrW5K7R4pMK1dBEpx0aWos_2KIkMrQ&oe=6983697D",
    "imageUrl": "/uploads/036faabc-c030-41f4-a923-ea762266482c.jpg",
    "title": "Görsel Ürün",
    "details": {
      "width": "",
      "height": "",
      "price": "",
      "moldPrice": "",
      "quantity": 1,
      "description": ""
    },
    "createdAt": "2026-01-31T07:27:37.056Z"
  },
  {
    "id": "8f4337e5-57e6-4c79-a67d-af755d6534fd",
    "stockCode": "STK-JLTXI",
    "inXml": true,
    "originalUrl": "https://instagram.ffru2-1.fna.fbcdn.net/v/t51.71878-15/620404650_903623625554529_309754146997109034_n.jpg?stp=dst-jpg_e15_tt6&_nc_cat=107&ig_cache_key=MzgxNjc4MzczMzE1MTkxNDc2Mw%3D%3D.3-ccb7-5&ccb=7-5&_nc_sid=58cdad&efg=eyJ2ZW5jb2RlX3RhZyI6InhwaWRzLjY0MHgxMTM2LnNkci5DMyJ9&_nc_ohc=YO4SbpvG7DsQ7kNvwH6Vt9P&_nc_oc=AdlpigZluuOUQYJ1seq1daZrD-h29O7Pq6DuAvQ8AannV_8OwEs98Ov2XwODCsAtv0c&_nc_ad=z-m&_nc_cid=0&_nc_zt=23&_nc_ht=instagram.ffru2-1.fna&_nc_gid=TsC6shX7H5_Xx75QHHvHtQ&oh=00_Afs_jBO-NRSN-HBvciOhD-ytCvXFbwMyxqpux3DvYwYXiA&oe=69838AC6",
    "imageUrl": "/uploads/dadd0856-bc1b-454a-872f-d7e2ed66d57e.jpg",
    "title": "Görsel Ürün",
    "details": {
      "width": "",
      "height": "",
      "price": "",
      "moldPrice": "",
      "quantity": 1,
      "description": ""
    },
    "createdAt": "2026-01-31T07:27:37.063Z"
  },
  {
    "id": "5aa08ea7-7f40-4996-9687-54733040e395",
    "stockCode": "STK-B1CQ0",
    "inXml": true,
    "originalUrl": "https://instagram.ffru2-1.fna.fbcdn.net/v/t51.71878-15/621149077_885893040854976_7797755317386817706_n.jpg?stp=dst-jpg_e15_tt6&_nc_cat=109&ig_cache_key=MzgxNjA0OTAxMjMwNjUzNDU1Nw%3D%3D.3-ccb7-5&ccb=7-5&_nc_sid=58cdad&efg=eyJ2ZW5jb2RlX3RhZyI6InhwaWRzLjY0MHgxMTM2LnNkci5DMyJ9&_nc_ohc=utuGfIl2EAAQ7kNvwHP5lMh&_nc_oc=AdltE75u4p5-dCc4jhpbMuU9wdLGkBdkl2hCVd2tdjj-sTsx_Bkb5V7clsastIhDkBQ&_nc_ad=z-m&_nc_cid=0&_nc_zt=23&_nc_ht=instagram.ffru2-1.fna&_nc_gid=TsC6shX7H5_Xx75QHHvHtQ&oh=00_Aft0F7so7efeqi3vNYihhyqX7uUiDMMkhuVHiskzLPE-YQ&oe=69837E23",
    "imageUrl": "/uploads/7957a046-58d6-4a23-8be8-e31417be1c2e.jpg",
    "title": "Görsel Ürün",
    "details": {
      "width": "",
      "height": "",
      "price": "",
      "moldPrice": "",
      "quantity": 1,
      "description": ""
    },
    "createdAt": "2026-01-31T07:27:37.069Z"
  },
  {
    "id": "a1952cf4-718c-46b5-b36c-1b925b7e6a97",
    "stockCode": "STK-GG7DZ",
    "inXml": true,
    "originalUrl": "https://instagram.ffru2-1.fna.fbcdn.net/v/t51.71878-15/619575208_732908436539335_7381553997238195139_n.jpg?stp=dst-jpg_e15_tt6&_nc_cat=110&ig_cache_key=MzgxNTI4ODY2NzM0MjI0NzE3Ng%3D%3D.3-ccb7-5&ccb=7-5&_nc_sid=58cdad&efg=eyJ2ZW5jb2RlX3RhZyI6InhwaWRzLjY0MHgxMTM2LnNkci5DMyJ9&_nc_ohc=HQz5vHBLbt8Q7kNvwE4yDBy&_nc_oc=Adm-vu4eD0raSR8A0_DTFox3dNWRm81h-DQeqBwqyXlAsy6JmwejfinM_TAxhh82byw&_nc_ad=z-m&_nc_cid=0&_nc_zt=23&_nc_ht=instagram.ffru2-1.fna&_nc_gid=TsC6shX7H5_Xx75QHHvHtQ&oh=00_AfsDhxhERLyfz265j73r38RFe3J9bDsRM5AbFujikjedhQ&oe=69838C1D",
    "imageUrl": "/uploads/f19a0a7b-d24b-4914-97c6-f273c47cbfb1.jpg",
    "title": "Görsel Ürün",
    "details": {
      "width": "",
      "height": "",
      "price": "",
      "moldPrice": "",
      "quantity": 1,
      "description": ""
    },
    "createdAt": "2026-01-31T07:27:37.076Z"
  },
  {
    "id": "941957cc-caeb-44ff-a678-f67787e8e36a",
    "stockCode": "STK-QSCLP",
    "inXml": true,
    "originalUrl": "https://instagram.ffru2-1.fna.fbcdn.net/v/t51.71878-15/619253573_1430529268732584_5481187619121661049_n.jpg?stp=dst-jpg_e15_tt6&_nc_cat=108&ig_cache_key=MzgxNDU4OTAwNDU3MDA0Mzk4Mw%3D%3D.3-ccb7-5&ccb=7-5&_nc_sid=58cdad&efg=eyJ2ZW5jb2RlX3RhZyI6InhwaWRzLjY0MHgxMTM2LnNkci5DMyJ9&_nc_ohc=TFMx8kjyfMUQ7kNvwH8G_F2&_nc_oc=Adm5tMBU--mQDalx22M9CE8qbj79OGUu5mpiurAWjFPZk8GvmSCGNJde9xskE8vDf8M&_nc_ad=z-m&_nc_cid=0&_nc_zt=23&_nc_ht=instagram.ffru2-1.fna&_nc_gid=TsC6shX7H5_Xx75QHHvHtQ&oh=00_AfvclBHUobuMyYC-LKpxJ-MMcdP2xcx_ly7f7IVrKetgsw&oe=698373DE",
    "imageUrl": "/uploads/86216f6e-273b-48f8-9646-71be46ea9462.jpg",
    "title": "Görsel Ürün",
    "details": {
      "width": "",
      "height": "",
      "price": "",
      "moldPrice": "",
      "quantity": 1,
      "description": ""
    },
    "createdAt": "2026-01-31T07:27:37.083Z"
  },
  {
    "id": "1bcde1b7-021b-4ae9-adac-c233131bc431",
    "stockCode": "STK-MGT4B",
    "inXml": true,
    "originalUrl": "https://instagram.ffru2-1.fna.fbcdn.net/v/t51.71878-15/619502452_1654865565890342_1424029091698869975_n.jpg?stp=dst-jpg_e15_tt6&_nc_cat=103&ig_cache_key=MzgxNDI2NjQzNjUyOTA0MTQwNg%3D%3D.3-ccb7-5&ccb=7-5&_nc_sid=58cdad&efg=eyJ2ZW5jb2RlX3RhZyI6InhwaWRzLjY0MHgxMTM2LnNkci5DMyJ9&_nc_ohc=DF65ZkNn_WMQ7kNvwHZIgAU&_nc_oc=Adl91VBXfORyTnfg9V2fXdIMe8JptvJzwkKeU3hQDalb8PfylKSYaWlnUaulaFhum8E&_nc_ad=z-m&_nc_cid=0&_nc_zt=23&_nc_ht=instagram.ffru2-1.fna&_nc_gid=TsC6shX7H5_Xx75QHHvHtQ&oh=00_Afs4eT6P2KPPHyJKdHDkPQPCxyG7YzOK30k5UbjZBf0b5g&oe=698381C4",
    "imageUrl": "/uploads/782f8545-6516-4055-9b6b-68abd4e1e108.jpg",
    "title": "Görsel Ürün",
    "details": {
      "width": "",
      "height": "",
      "price": "",
      "moldPrice": "",
      "quantity": 1,
      "description": ""
    },
    "createdAt": "2026-01-31T07:27:37.090Z"
  },
  {
    "id": "07e3e4ec-d52e-49af-b362-2cf634b1179e",
    "stockCode": "STK-3ZDWF",
    "inXml": true,
    "originalUrl": "https://instagram.ffru2-1.fna.fbcdn.net/v/t51.71878-15/619289056_1394219965816539_5102650368057677935_n.jpg?stp=dst-jpg_e15_tt6&_nc_cat=109&ig_cache_key=MzgxNDI2NDU2MjE5NTI2NzQ2Nw%3D%3D.3-ccb7-5&ccb=7-5&_nc_sid=58cdad&efg=eyJ2ZW5jb2RlX3RhZyI6InhwaWRzLjY0MHgxMTM2LnNkci5DMyJ9&_nc_ohc=-5eRAipSqKYQ7kNvwEnQ1d7&_nc_oc=Adl1JgiRRwV11JG7UucY1uk_aG70CDXI74YXYZwaq-JgWkqyOlJnvtFDuSMEPcbhxPQ&_nc_ad=z-m&_nc_cid=0&_nc_zt=23&_nc_ht=instagram.ffru2-1.fna&_nc_gid=TsC6shX7H5_Xx75QHHvHtQ&oh=00_Aftz97dSO902v6NqZh_lflQVTziLBi_rU9sGV-f8GQ3RHA&oe=69837D82",
    "imageUrl": "/uploads/36b70878-7fec-4152-9583-d902e81f1065.jpg",
    "title": "Görsel Ürün",
    "details": {
      "width": "",
      "height": "",
      "price": "",
      "moldPrice": "",
      "quantity": 1,
      "description": ""
    },
    "createdAt": "2026-01-31T07:27:37.098Z"
  },
  {
    "id": "c4a0780b-f198-4cf9-96b7-1e26efc998e8",
    "stockCode": "STK-C47WE",
    "inXml": true,
    "originalUrl": "https://instagram.ffru2-1.fna.fbcdn.net/v/t51.71878-15/617716134_4218878465026891_1791089034266485153_n.jpg?stp=dst-jpg_e15_tt6&_nc_cat=107&ig_cache_key=MzgxNDI2MjA2NDQyODUxNzU2NQ%3D%3D.3-ccb7-5&ccb=7-5&_nc_sid=58cdad&efg=eyJ2ZW5jb2RlX3RhZyI6InhwaWRzLjY0MHgxMTM2LnNkci5DMyJ9&_nc_ohc=vhqwLaRDTSAQ7kNvwEGL4EW&_nc_oc=AdmVgOK_B47SJd2823o_eKgasvWGEepeWtLpSO2HuXs1nsJe9eiDQuVINqFKJvwCO40&_nc_ad=z-m&_nc_cid=0&_nc_zt=23&_nc_ht=instagram.ffru2-1.fna&_nc_gid=TsC6shX7H5_Xx75QHHvHtQ&oh=00_Afuf9PTeZIlbF-Th8_H4mlTo4gAUAIKsbI8sLejk7r-QjA&oe=69836C85",
    "imageUrl": "/uploads/36b9209b-36d0-454d-83dd-ae5ae075bc5e.jpg",
    "title": "Görsel Ürün",
    "details": {
      "width": "",
      "height": "",
      "price": "",
      "moldPrice": "",
      "quantity": 1,
      "description": ""
    },
    "createdAt": "2026-01-31T07:27:37.104Z"
  },
  {
    "id": "2cd90994-d8fb-4add-a286-eb39d6b2df8e",
    "stockCode": "STK-VL4BW",
    "inXml": true,
    "originalUrl": "https://instagram.ffru2-1.fna.fbcdn.net/v/t51.71878-15/616674313_1248785013819840_7421554082437604125_n.jpg?stp=dst-jpg_e15_tt6&_nc_cat=101&ig_cache_key=MzgxMjMxMzg5NDU0Mjc5MjczMQ%3D%3D.3-ccb7-5&ccb=7-5&_nc_sid=58cdad&efg=eyJ2ZW5jb2RlX3RhZyI6InhwaWRzLjY0MHgxMTM2LnNkci5DMyJ9&_nc_ohc=azVp0nL8BBYQ7kNvwF8QUnw&_nc_oc=AdmYQY_pgeEKnuIaZni1Bx2FcWdZq6Kiv4w-efScyJcoTX99VCttBbsgsxod3EcTdYI&_nc_ad=z-m&_nc_cid=0&_nc_zt=23&_nc_ht=instagram.ffru2-1.fna&_nc_gid=TsC6shX7H5_Xx75QHHvHtQ&oh=00_AfujVT1lRkmPXQMRj_SLEP8ywrsjWzImqTHRCPYqCdN_Bw&oe=698382DB",
    "imageUrl": "/uploads/74b89413-54dc-438f-bcd8-4bee2f04159d.jpg",
    "title": "Görsel Ürün",
    "details": {
      "width": "",
      "height": "",
      "price": "",
      "moldPrice": "",
      "quantity": 1,
      "description": ""
    },
    "createdAt": "2026-01-31T07:27:37.111Z"
  },
  {
    "id": "77b3abe8-0bb3-4746-8f2a-19d7ed7cab06",
    "stockCode": "STK-R3CWS",
    "inXml": true,
    "originalUrl": "https://instagram.ffru2-1.fna.fbcdn.net/v/t51.71878-15/618718534_748089395007426_4353493807433913261_n.jpg?stp=dst-jpg_e15_tt6&_nc_cat=104&ig_cache_key=MzgxMTY1NzE1MDU1NjcyMzg3Ng%3D%3D.3-ccb7-5&ccb=7-5&_nc_sid=58cdad&efg=eyJ2ZW5jb2RlX3RhZyI6InhwaWRzLjY0MHgxMTM2LnNkci5DMyJ9&_nc_ohc=vbuQZS3d2iwQ7kNvwE6vByP&_nc_oc=AdnN2hC1XWsePAuhMkljmX3PZa2AGfC61oal6x6HPIdJ5WH-l6jsT2O-t6a1kPdq_P8&_nc_ad=z-m&_nc_cid=0&_nc_zt=23&_nc_ht=instagram.ffru2-1.fna&_nc_gid=EmvRmvBC8S1L0IpLJji0Ew&oh=00_AftQGDhYOtUSn3wOlBXmqDBcH1eX0bQMwrqj2YP7tUHAlQ&oe=698375CA",
    "imageUrl": "/uploads/e2408892-63e4-4871-9d76-4a7ff5924195.jpg",
    "title": "Görsel Ürün",
    "details": {
      "width": "",
      "height": "",
      "price": "",
      "moldPrice": "",
      "quantity": 1,
      "description": ""
    },
    "createdAt": "2026-01-31T07:27:37.118Z"
  },
  {
    "id": "50ea2e40-7535-49ce-b680-4b123efc9a9c",
    "stockCode": "STK-KLXLU",
    "inXml": true,
    "originalUrl": "https://instagram.ffru2-1.fna.fbcdn.net/v/t51.71878-15/616870663_26083724461220583_6291893099104011383_n.jpg?stp=dst-jpg_e15_tt6&_nc_cat=103&ig_cache_key=MzgxMDkyNzI0NjQwODA1OTUyNw%3D%3D.3-ccb7-5&ccb=7-5&_nc_sid=58cdad&efg=eyJ2ZW5jb2RlX3RhZyI6InhwaWRzLjY0MHgxMTM2LnNkci5DMyJ9&_nc_ohc=e_o4MTkMeXIQ7kNvwFDCQet&_nc_oc=Adk2p0Ww6DXbDuR1uTeuWZhrNNEjlsNoncE8BHds-6q2hhuOE2Esf3Vxzes2ZYLOMqQ&_nc_ad=z-m&_nc_cid=0&_nc_zt=23&_nc_ht=instagram.ffru2-1.fna&_nc_gid=EmvRmvBC8S1L0IpLJji0Ew&oh=00_AfsVDPTh0EakC2eJmtGIZT3emvq5yPbGDlEYpaX5LNnSCg&oe=698381CF",
    "imageUrl": "/uploads/5575e9d1-2dc1-4fe5-bd87-0f3eea562fc5.jpg",
    "title": "Görsel Ürün",
    "details": {
      "width": "",
      "height": "",
      "price": "",
      "moldPrice": "",
      "quantity": 1,
      "description": ""
    },
    "createdAt": "2026-01-31T07:27:37.125Z"
  },
  {
    "id": "42f82e11-05d5-4b0e-912a-047b2ec562c5",
    "stockCode": "STK-CP9P7",
    "inXml": true,
    "originalUrl": "https://instagram.ffru2-1.fna.fbcdn.net/v/t51.71878-15/610654969_1168048345358743_3832556379663305453_n.jpg?stp=dst-jpg_e15_tt6&_nc_cat=110&ig_cache_key=MzgxMDIxNDIwNjQxNDk0OTA3Nw%3D%3D.3-ccb7-5&ccb=7-5&_nc_sid=58cdad&efg=eyJ2ZW5jb2RlX3RhZyI6InhwaWRzLjY0MHgxMTM2LnNkci5DMyJ9&_nc_ohc=R-e0tuiALx4Q7kNvwHf7kUv&_nc_oc=AdlQIqqCiaZSbIwMkjASUHhyoZgE0Ce6vREcf9AQllAhrQ6wCO4YDY-tBCjvg97wtOw&_nc_ad=z-m&_nc_cid=0&_nc_zt=23&_nc_ht=instagram.ffru2-1.fna&_nc_gid=EmvRmvBC8S1L0IpLJji0Ew&oh=00_AfvimatS6MPBoDrsdlUKmQJ1LMF2kPHpa1aa_Up3JxQytg&oe=6983839F",
    "imageUrl": "/uploads/666949ad-6be2-48e3-af6d-45db66939dd6.jpg",
    "title": "Görsel Ürün",
    "details": {
      "width": "",
      "height": "",
      "price": "",
      "moldPrice": "",
      "quantity": 1,
      "description": ""
    },
    "createdAt": "2026-01-31T07:27:37.132Z"
  },
  {
    "id": "188cf61d-53a8-418e-a7d3-f6135618019a",
    "stockCode": "STK-C69LC",
    "inXml": true,
    "originalUrl": "https://instagram.ffru2-1.fna.fbcdn.net/v/t51.71878-15/613763704_26682197781380689_7358100913817453628_n.jpg?stp=dst-jpg_e15_tt6&_nc_cat=104&ig_cache_key=MzgwOTQ4NTEyOTAyMjMxNjgwMA%3D%3D.3-ccb7-5&ccb=7-5&_nc_sid=58cdad&efg=eyJ2ZW5jb2RlX3RhZyI6InhwaWRzLjY0MHgxMTM2LnNkci5DMyJ9&_nc_ohc=pe4Qixu4n10Q7kNvwHd-xw_&_nc_oc=AdlJw0_A9V-0TWg_Q8buHCIvdR_JpL2yRdjc9UUCDG-W2QxdSxRDD9Uv9DrBD7lZwrM&_nc_ad=z-m&_nc_cid=0&_nc_zt=23&_nc_ht=instagram.ffru2-1.fna&_nc_gid=EmvRmvBC8S1L0IpLJji0Ew&oh=00_AfvSoGhSBULHFZubVWvk36uTYWK6mrOHhu6BKRvfX_4pqw&oe=698390F2",
    "imageUrl": "/uploads/0b50aa12-d49d-4050-9237-589fa44f8baf.jpg",
    "title": "Görsel Ürün",
    "details": {
      "width": "",
      "height": "",
      "price": "",
      "moldPrice": "",
      "quantity": 1,
      "description": ""
    },
    "createdAt": "2026-01-31T07:27:37.139Z"
  },
  {
    "id": "f25f0ed8-79f8-48e8-8fe5-739714430899",
    "stockCode": "STK-PTW2Z",
    "inXml": true,
    "originalUrl": "https://instagram.ffru2-1.fna.fbcdn.net/v/t51.71878-15/612510234_1558867182103232_7934280155623784622_n.jpg?stp=dst-jpg_e15_tt6&_nc_cat=107&ig_cache_key=MzgwODc1MDI2MTIwODUyODI1OQ%3D%3D.3-ccb7-5&ccb=7-5&_nc_sid=58cdad&efg=eyJ2ZW5jb2RlX3RhZyI6InhwaWRzLjY0MHgxMTM2LnNkci5DMyJ9&_nc_ohc=f86NEvXbOjMQ7kNvwEO8dUa&_nc_oc=AdmVSqrFzdDlCmsFA-FT4e5nFFWOOv1hxk9TvUiGQOAQM7UpxS2FSLUtXqFWmOTovWw&_nc_ad=z-m&_nc_cid=0&_nc_zt=23&_nc_ht=instagram.ffru2-1.fna&_nc_gid=EmvRmvBC8S1L0IpLJji0Ew&oh=00_AftUWDJXqRumDRngugY0-yxF2DGrhLep4kteitPYcmas5Q&oe=6983967B",
    "imageUrl": "/uploads/5ac08bab-b7e5-43de-92f4-a2c13b1aa871.jpg",
    "title": "Görsel Ürün",
    "details": {
      "width": "",
      "height": "",
      "price": "",
      "moldPrice": "",
      "quantity": 1,
      "description": ""
    },
    "createdAt": "2026-01-31T07:27:37.145Z"
  },
  {
    "id": "0a61c7a0-b73b-4c82-b4b1-2a966c0ba3e1",
    "stockCode": "STK-ZSPBY",
    "inXml": true,
    "originalUrl": "https://instagram.ffru2-1.fna.fbcdn.net/v/t51.71878-15/613640925_909551711631054_5996496840359373433_n.jpg?stp=dst-jpg_e15_tt6&_nc_cat=106&ig_cache_key=MzgwODE2OTQ2NDEzOTI2MTIxMA%3D%3D.3-ccb7-5&ccb=7-5&_nc_sid=58cdad&efg=eyJ2ZW5jb2RlX3RhZyI6InhwaWRzLjY0MHgxMTM2LnNkci5DMyJ9&_nc_ohc=VFVcq2sSiBoQ7kNvwFLid4t&_nc_oc=AdmfK807VnunbZrDvF3IYmNV6K77njBePcmBfCD9gksqI21pMzUmJ2MniMo5eethDaQ&_nc_ad=z-m&_nc_cid=0&_nc_zt=23&_nc_ht=instagram.ffru2-1.fna&_nc_gid=EmvRmvBC8S1L0IpLJji0Ew&oh=00_Afu0m71EeBGV4LyNGj7tokmACSafsajjbOeZ-RYN7AI5_g&oe=69836539",
    "imageUrl": "/uploads/036ea928-5806-406a-8b02-7d14eeddea1d.jpg",
    "title": "Görsel Ürün",
    "details": {
      "width": "",
      "height": "",
      "price": "",
      "moldPrice": "",
      "quantity": 1,
      "description": ""
    },
    "createdAt": "2026-01-31T07:27:37.150Z"
  },
  {
    "id": "10dde3e4-2b0f-4dd8-ac45-7e5ad8f89f25",
    "stockCode": "STK-PQ8H3",
    "inXml": true,
    "originalUrl": "https://instagram.ffru2-1.fna.fbcdn.net/v/t51.71878-15/610727159_25439374805714095_2296808604314077747_n.jpg?stp=dst-jpg_e15_tt6&_nc_cat=107&ig_cache_key=MzgwNjUzNjEwMjEwMjMxMzYzNg%3D%3D.3-ccb7-5&ccb=7-5&_nc_sid=58cdad&efg=eyJ2ZW5jb2RlX3RhZyI6InhwaWRzLjY0MHgxMTM2LnNkci5DMyJ9&_nc_ohc=OC9rnBo3bAgQ7kNvwGSf0We&_nc_oc=AdloJRDD47TScPjlbm7V4F3QhEcaKi2VGAfzJjZdK7rJv6JOaj9Q2YjmuscneDu5gbM&_nc_ad=z-m&_nc_cid=0&_nc_zt=23&_nc_ht=instagram.ffru2-1.fna&_nc_gid=EmvRmvBC8S1L0IpLJji0Ew&oh=00_AfvFecM3p5LI8BgIG03_4NhyugiSvLnQvjdWnEP7sAvd_w&oe=69838D08",
    "imageUrl": "/uploads/9d2e08b3-f4c6-46e5-a7df-c03bade7ae25.jpg",
    "title": "Görsel Ürün",
    "details": {
      "width": "",
      "height": "",
      "price": "",
      "moldPrice": "",
      "quantity": 1,
      "description": ""
    },
    "createdAt": "2026-01-31T07:27:37.157Z"
  },
  {
    "id": "45b810c8-3aac-438d-a809-c977355e8441",
    "stockCode": "STK-OUQ0U",
    "inXml": true,
    "originalUrl": "https://instagram.ffru2-1.fna.fbcdn.net/v/t51.71878-15/610870210_1116421040451971_6334350639831749153_n.jpg?stp=dst-jpg_e15_tt6&_nc_cat=111&ig_cache_key=MzgwNTg2MTY4OTI0MTUyNTY5Mw%3D%3D.3-ccb7-5&ccb=7-5&_nc_sid=58cdad&efg=eyJ2ZW5jb2RlX3RhZyI6InhwaWRzLjY0MHgxMTM2LnNkci5DMyJ9&_nc_ohc=d2gvXRJvK30Q7kNvwEL4hwr&_nc_oc=AdmBXsYHE8tBxPsufam-R0N3vlpY51omd5Rags9WW1sAUED3JAJkEEaHk4LWfm536aA&_nc_ad=z-m&_nc_cid=0&_nc_zt=23&_nc_ht=instagram.ffru2-1.fna&_nc_gid=EmvRmvBC8S1L0IpLJji0Ew&oh=00_AfsyslQRa0n994MXyA_BsUeC1W4eICd-aAftCM7nC2SUQA&oe=698379B2",
    "imageUrl": "/uploads/5ecb4b37-2e63-4c48-8c5e-945617b3f2af.jpg",
    "title": "Görsel Ürün",
    "details": {
      "width": "",
      "height": "",
      "price": "",
      "moldPrice": "",
      "quantity": 1,
      "description": ""
    },
    "createdAt": "2026-01-31T07:27:37.165Z"
  },
  {
    "id": "1bd59d5b-11cf-4c37-be73-835778168170",
    "stockCode": "STK-DE7YJ",
    "inXml": true,
    "originalUrl": "https://instagram.ffru2-1.fna.fbcdn.net/v/t51.71878-15/610002654_879452091263805_8694877164824672225_n.jpg?stp=dst-jpg_e15_tt6&_nc_cat=110&ig_cache_key=MzgwNDQ0MzYyNjA0NjY1MzE0Mg%3D%3D.3-ccb7-5&ccb=7-5&_nc_sid=58cdad&efg=eyJ2ZW5jb2RlX3RhZyI6InhwaWRzLjY0MHgxMTM2LnNkci5DMyJ9&_nc_ohc=nA53CrJvz3UQ7kNvwGXClks&_nc_oc=AdnuM8v-EFdDq-YPhwBVLf5KLCKqXl64Ss3dovJ7XQN3mkdCbssq7yccrB9oUOoUW8A&_nc_ad=z-m&_nc_cid=0&_nc_zt=23&_nc_ht=instagram.ffru2-1.fna&_nc_gid=EmvRmvBC8S1L0IpLJji0Ew&oh=00_AfsGPV22fCXPmeo9OldGcKA0Z7-iqbXVd5ei01puaROVsw&oe=698367F3",
    "imageUrl": "/uploads/8a3ba613-a658-48c1-b052-3a65f185f784.jpg",
    "title": "Görsel Ürün",
    "details": {
      "width": "",
      "height": "",
      "price": "",
      "moldPrice": "",
      "quantity": 1,
      "description": ""
    },
    "createdAt": "2026-01-31T07:27:37.171Z"
  },
  {
    "id": "7828f46d-9d12-4c03-8601-b0eea588dfd7",
    "stockCode": "STK-QXCDD",
    "inXml": true,
    "originalUrl": "https://instagram.ffru2-1.fna.fbcdn.net/v/t51.71878-15/610541708_1385026476502933_1602335915073497746_n.jpg?stp=dst-jpg_e15_tt6&_nc_cat=109&ig_cache_key=MzgwMzc3MTQ5MTgzMzc1MTMyMw%3D%3D.3-ccb7-5&ccb=7-5&_nc_sid=58cdad&efg=eyJ2ZW5jb2RlX3RhZyI6InhwaWRzLjY0MHgxMTM2LnNkci5DMyJ9&_nc_ohc=v9jww4kzjpkQ7kNvwEiv52v&_nc_oc=AdkuZ4B6uNVfU7LtwnReUTiENh1ff_YujfTYcnc8WZ7e_pXbI7-r4RuDNoaG6YIhjLY&_nc_ad=z-m&_nc_cid=0&_nc_zt=23&_nc_ht=instagram.ffru2-1.fna&_nc_gid=EmvRmvBC8S1L0IpLJji0Ew&oh=00_AfuCOf6T0AEb0MpdUQ459u-siJ3VmQIhroltfAjnN-X2mw&oe=698398D6",
    "imageUrl": "/uploads/7695b5bc-052d-4aaf-b605-15a9bfdd1d96.jpg",
    "title": "Görsel Ürün",
    "details": {
      "width": "",
      "height": "",
      "price": "",
      "moldPrice": "",
      "quantity": 1,
      "description": ""
    },
    "createdAt": "2026-01-31T07:27:37.180Z"
  },
  {
    "id": "d4e92659-d42d-430f-996f-6695a9f46f07",
    "stockCode": "STK-XJ8GG",
    "inXml": true,
    "originalUrl": "https://instagram.ffru2-1.fna.fbcdn.net/v/t51.71878-15/610160090_2849868125209377_3002145005989969423_n.jpg?stp=dst-jpg_e15_tt6&_nc_cat=108&ig_cache_key=MzgwMzAxMTQyMDQ1NTU4NTc4Nw%3D%3D.3-ccb7-5&ccb=7-5&_nc_sid=58cdad&efg=eyJ2ZW5jb2RlX3RhZyI6InhwaWRzLjY0MHgxMTM2LnNkci5DMyJ9&_nc_ohc=6MSM21Wi4xIQ7kNvwEwRRdh&_nc_oc=AdmX6YJt7L9j-6yESTcHb-vYASRq9Oh9AVal8W5lrog0o5fqYmrXeilg0uN6io-S7Xo&_nc_ad=z-m&_nc_cid=0&_nc_zt=23&_nc_ht=instagram.ffru2-1.fna&_nc_gid=YGhsDaF8O16BQAHqkuoX-A&oh=00_AfuCimsN2WBizhHlAY906D48podB-Xs3nrDPvdfeXZGnIg&oe=69836F68",
    "imageUrl": "/uploads/e42eec64-63a4-44f8-b73e-82bbd250a243.jpg",
    "title": "Görsel Ürün",
    "details": {
      "width": "",
      "height": "",
      "price": "",
      "moldPrice": "",
      "quantity": 1,
      "description": ""
    },
    "createdAt": "2026-01-31T07:27:37.186Z"
  },
  {
    "id": "f0c6b5a4-c1d9-4b6e-a65a-047932fb0468",
    "stockCode": "STK-13TJV",
    "inXml": true,
    "originalUrl": "https://instagram.ffru2-1.fna.fbcdn.net/v/t51.71878-15/609211567_1556742832048660_3702938367497514327_n.jpg?stp=dst-jpg_e15_tt6&_nc_cat=109&ig_cache_key=MzgwMjI4NDU3MjE5Mjk4MDcxNQ%3D%3D.3-ccb7-5&ccb=7-5&_nc_sid=58cdad&efg=eyJ2ZW5jb2RlX3RhZyI6InhwaWRzLjY0MHgxMTM2LnNkci5DMyJ9&_nc_ohc=WpAYhGc3U8QQ7kNvwEBD5D2&_nc_oc=AdkSm7qtnDU04r6JnQMtAP26JUlUZV65Hj8kCcIH2NnUw3qLgwxq3QVFUuTolQG7-aY&_nc_ad=z-m&_nc_cid=0&_nc_zt=23&_nc_ht=instagram.ffru2-1.fna&_nc_gid=YGhsDaF8O16BQAHqkuoX-A&oh=00_Afs1k1p8Bm5YNhNY9Q7zDeVlYkjgpKdB8EqCeJBjlV-f7w&oe=69837EE7",
    "imageUrl": "/uploads/2abec38b-1a8a-4a64-9e1e-f3f1818b9b9e.jpg",
    "title": "Görsel Ürün",
    "details": {
      "width": "",
      "height": "",
      "price": "",
      "moldPrice": "",
      "quantity": 1,
      "description": ""
    },
    "createdAt": "2026-01-31T07:27:37.194Z"
  },
  {
    "id": "e1ef8e0b-ece8-4a79-8a51-8519aa1e4a51",
    "stockCode": "STK-NQ7NO",
    "inXml": true,
    "originalUrl": "https://instagram.ffru2-1.fna.fbcdn.net/v/t51.71878-15/610671138_1208274667301735_3234029386552284487_n.jpg?stp=dst-jpg_e15_tt6&_nc_cat=103&ig_cache_key=MzgwMTUzMzUzMjQzNTQyMzE3Nw%3D%3D.3-ccb7-5&ccb=7-5&_nc_sid=58cdad&efg=eyJ2ZW5jb2RlX3RhZyI6InhwaWRzLjY0MHgxMTM2LnNkci5DMyJ9&_nc_ohc=uu7npMo41dAQ7kNvwHiL5GL&_nc_oc=AdnOk0OkWkrDfFHmZrx6iDyrC6ZWL5s0U9popipdAJm0BfCL6pf5IJOw2feXrWdWZQ0&_nc_ad=z-m&_nc_cid=0&_nc_zt=23&_nc_ht=instagram.ffru2-1.fna&_nc_gid=YGhsDaF8O16BQAHqkuoX-A&oh=00_AfuXo_S_FzKbreOCAFAv0oFfpF8yfcB5LxLnLnGBlX0pfg&oe=69836701",
    "imageUrl": "/uploads/08186ad7-524d-42dc-969d-a304f7209203.jpg",
    "title": "Görsel Ürün",
    "details": {
      "width": "",
      "height": "",
      "price": "",
      "moldPrice": "",
      "quantity": 1,
      "description": ""
    },
    "createdAt": "2026-01-31T07:27:37.203Z"
  },
  {
    "id": "dd42e9ee-3fd4-4b8b-87e8-e0f0c739d1f0",
    "stockCode": "STK-EQZNX",
    "inXml": true,
    "originalUrl": "https://instagram.ffru2-1.fna.fbcdn.net/v/t51.71878-15/587628948_847269768097610_7513524189183572379_n.jpg?stp=dst-jpg_e15_tt6&_nc_cat=101&ig_cache_key=Mzc5ODY3MzgwMTIxNTEzNzE4Ng%3D%3D.3-ccb7-5&ccb=7-5&_nc_sid=58cdad&efg=eyJ2ZW5jb2RlX3RhZyI6InhwaWRzLjY0MHgxMTM2LnNkci5DMyJ9&_nc_ohc=mZy6esub08sQ7kNvwHUIRsl&_nc_oc=AdlABvpppQWUhhm-yQzzW-16ZidU4ZAbRp3DIr9R-4AIyDQe3TkdAsYWov6SiSLIadc&_nc_ad=z-m&_nc_cid=0&_nc_zt=23&_nc_ht=instagram.ffru2-1.fna&_nc_gid=YGhsDaF8O16BQAHqkuoX-A&oh=00_AfviGQFBk7c7I5WYLvUb2Vdh_F8C1e7Ye7Ntlzfey3QI5w&oe=6983871E",
    "imageUrl": "/uploads/538523fd-d4c2-430b-9c00-c53a74165861.jpg",
    "title": "Görsel Ürün",
    "details": {
      "width": "",
      "height": "",
      "price": "",
      "moldPrice": "",
      "quantity": 1,
      "description": ""
    },
    "createdAt": "2026-01-31T07:27:37.211Z"
  },
  {
    "id": "8dc49d4e-e8d2-4167-8f24-b328c8904c07",
    "stockCode": "STK-0NTIR",
    "inXml": true,
    "originalUrl": "https://instagram.ffru2-1.fna.fbcdn.net/v/t51.71878-15/608040756_848657381419106_1348475517861574479_n.jpg?stp=dst-jpg_e15_tt6&_nc_cat=105&ig_cache_key=Mzc5ODYzMTEyOTk3Njg1NTg1Mg%3D%3D.3-ccb7-5&ccb=7-5&_nc_sid=58cdad&efg=eyJ2ZW5jb2RlX3RhZyI6InhwaWRzLjY0MHgxMTM2LnNkci5DMyJ9&_nc_ohc=RsFb0rVYW5IQ7kNvwGIIQXz&_nc_oc=AdnZR6RnEdCuIfBne-bcBXIR2UW9FvYue8t-XoWORlt8dO6AWHmyNMdaBiNYgSv5mmM&_nc_ad=z-m&_nc_cid=0&_nc_zt=23&_nc_ht=instagram.ffru2-1.fna&_nc_gid=YGhsDaF8O16BQAHqkuoX-A&oh=00_AfvW9n9pa4jijjUp9enXkvD86yPg4LWbJPW8OWYWme9N8A&oe=69837608",
    "imageUrl": "/uploads/b8a2c556-88e1-4063-8219-d1052f1b28b2.jpg",
    "title": "Görsel Ürün",
    "details": {
      "width": "",
      "height": "",
      "price": "",
      "moldPrice": "",
      "quantity": 1,
      "description": ""
    },
    "createdAt": "2026-01-31T07:27:37.218Z"
  },
  {
    "id": "6619dd2b-9a76-4528-b655-aee549780640",
    "stockCode": "STK-RERQB",
    "inXml": true,
    "originalUrl": "https://instagram.ffru2-1.fna.fbcdn.net/v/t51.71878-15/606478388_26509155095341289_7844144287102790314_n.jpg?stp=dst-jpg_e15_tt6&_nc_cat=111&ig_cache_key=Mzc5NzIxOTcwMTgyNjk0Njc1MA%3D%3D.3-ccb7-5&ccb=7-5&_nc_sid=58cdad&efg=eyJ2ZW5jb2RlX3RhZyI6InhwaWRzLjY0MHgxMTM2LnNkci5DMyJ9&_nc_ohc=g3mOZAbPKDsQ7kNvwEySah3&_nc_oc=AdkrtNGJLLBGYra8Eg-Bk8MraMWkXlSJNq8ncFDAUNmoS8jvv65qhkTNRBuLBNuRjbg&_nc_ad=z-m&_nc_cid=0&_nc_zt=23&_nc_ht=instagram.ffru2-1.fna&_nc_gid=YGhsDaF8O16BQAHqkuoX-A&oh=00_AftAtgGNPwJa8b06xhoK0H5osRkpmT8kpOj-g8bZ_I2wcw&oe=69838147",
    "imageUrl": "/uploads/9acbca96-a6c0-4361-ab9e-a4ddade6ed58.jpg",
    "title": "Görsel Ürün",
    "details": {
      "width": "",
      "height": "",
      "price": "",
      "moldPrice": "",
      "quantity": 1,
      "description": ""
    },
    "createdAt": "2026-01-31T07:27:37.224Z"
  },
  {
    "id": "e1201b17-857c-432e-86bb-3e0124a700a3",
    "stockCode": "STK-TXD68",
    "inXml": true,
    "originalUrl": "https://instagram.ffru2-1.fna.fbcdn.net/v/t51.71878-15/606448782_1505081950593051_6348619739720559087_n.jpg?stp=dst-jpg_e15_tt6&_nc_cat=109&ig_cache_key=Mzc5NzIwNTg1OTUxNjQ0OTAxMQ%3D%3D.3-ccb7-5&ccb=7-5&_nc_sid=58cdad&efg=eyJ2ZW5jb2RlX3RhZyI6InhwaWRzLjY0MHgxMTM2LnNkci5DMyJ9&_nc_ohc=yFov7sOR--4Q7kNvwGgclC-&_nc_oc=AdmKdeu2vdWxlV6R2i2CQGttKGJIbhF2NB9rtzEgRe7oqbTPwvzQBTTAGpNJtLAFqd4&_nc_ad=z-m&_nc_cid=0&_nc_zt=23&_nc_ht=instagram.ffru2-1.fna&_nc_gid=YGhsDaF8O16BQAHqkuoX-A&oh=00_AfvGRzwn8V5x-z11tZxzvh7qI2t1QPWTa2ZpQ-9SgIpIng&oe=69838B38",
    "imageUrl": "/uploads/8824c019-35a8-4d50-9e18-81be36dde4b0.jpg",
    "title": "Görsel Ürün",
    "details": {
      "width": "",
      "height": "",
      "price": "",
      "moldPrice": "",
      "quantity": 1,
      "description": ""
    },
    "createdAt": "2026-01-31T07:27:37.232Z"
  },
  {
    "id": "a38126ac-1c7b-4648-8a9e-dcc497b041f5",
    "stockCode": "STK-C0ALY",
    "inXml": true,
    "originalUrl": "https://instagram.ffru2-1.fna.fbcdn.net/v/t51.71878-15/587781458_1373893760609964_7604050065033591195_n.jpg?stp=dst-jpg_e15_tt6&_nc_cat=107&ig_cache_key=Mzc5NTAzODgzNDA3NzY1ODcxNg%3D%3D.3-ccb7-5&ccb=7-5&_nc_sid=58cdad&efg=eyJ2ZW5jb2RlX3RhZyI6InhwaWRzLjY0MHgxMTM2LnNkci5DMyJ9&_nc_ohc=b_2GgwD1oe4Q7kNvwEPCgjP&_nc_oc=AdkqbnI5KjgZs22KsaduuQdTxCAGujvdz3UN0eBfQf3-tlEr2GuZSTRPzfZg0dt37I8&_nc_ad=z-m&_nc_cid=0&_nc_zt=23&_nc_ht=instagram.ffru2-1.fna&_nc_gid=YGhsDaF8O16BQAHqkuoX-A&oh=00_Afsu_kKS34BZiSSlAYJq6yXYD7GqUlKJMldRiDNNWW9WeQ&oe=69836EC6",
    "imageUrl": "/uploads/f13cf899-18c8-44af-a640-f488f090b8e8.jpg",
    "title": "Görsel Ürün",
    "details": {
      "width": "",
      "height": "",
      "price": "",
      "moldPrice": "",
      "quantity": 1,
      "description": ""
    },
    "createdAt": "2026-01-31T07:27:37.239Z"
  },
  {
    "id": "cad0e2ec-e5cc-4689-b215-2df464d316f6",
    "stockCode": "STK-H0L0F",
    "inXml": true,
    "originalUrl": "https://instagram.ffru2-1.fna.fbcdn.net/v/t51.71878-15/606445572_1852195135487096_6787697019389855341_n.jpg?stp=dst-jpg_e15_tt6&_nc_cat=101&ig_cache_key=Mzc5NDM5MTk5NzExMzA4NTkwNg%3D%3D.3-ccb7-5&ccb=7-5&_nc_sid=58cdad&efg=eyJ2ZW5jb2RlX3RhZyI6InhwaWRzLjY0MHgxMTM2LnNkci5DMyJ9&_nc_ohc=9NFz2AMoQTMQ7kNvwGAXugu&_nc_oc=Admzl1-6qVR6tSYdPYwORh6J_aIGUjdAv1wFLO9NX5kSAkB51TYJ-mAQaUYiI4dfyu8&_nc_ad=z-m&_nc_cid=0&_nc_zt=23&_nc_ht=instagram.ffru2-1.fna&_nc_gid=YGhsDaF8O16BQAHqkuoX-A&oh=00_AftHM_iidoTbhRWakt_91urRkDC7Iw3WDUc8TCWfxvSxUA&oe=698379F0",
    "imageUrl": "/uploads/9c0f7e72-b8c9-48c9-94d7-4ef3c55e9591.jpg",
    "title": "Görsel Ürün",
    "details": {
      "width": "",
      "height": "",
      "price": "",
      "moldPrice": "",
      "quantity": 1,
      "description": ""
    },
    "createdAt": "2026-01-31T07:27:37.247Z"
  },
  {
    "id": "6644f7c0-1caf-49b8-89f0-184f09224ea6",
    "stockCode": "STK-COUS3",
    "inXml": true,
    "originalUrl": "https://instagram.ffru2-1.fna.fbcdn.net/v/t51.71878-15/605023011_1370319074051536_6728462032505928663_n.jpg?stp=dst-jpg_e15_tt6&_nc_cat=105&ig_cache_key=Mzc5MzY3NDIyNTAwNTU0ODc0Mw%3D%3D.3-ccb7-5&ccb=7-5&_nc_sid=58cdad&efg=eyJ2ZW5jb2RlX3RhZyI6InhwaWRzLjY0MHgxMTM2LnNkci5DMyJ9&_nc_ohc=nXnDyUx_CA0Q7kNvwHNKO7i&_nc_oc=Adkd25W7rW2DzuVXeYN37UsAfWmXdYjL9ntLY3frljSPDv7d2cfpPansfnurrl7NCwU&_nc_ad=z-m&_nc_cid=0&_nc_zt=23&_nc_ht=instagram.ffru2-1.fna&_nc_gid=YGhsDaF8O16BQAHqkuoX-A&oh=00_AftZyE3WNfgmc1TetOI7Deo9jNim2mDry514jpll_5_kfw&oe=698371AF",
    "imageUrl": "/uploads/840fb030-1b53-494c-a8c8-a3f8ed24ebfe.jpg",
    "title": "Görsel Ürün",
    "details": {
      "width": "",
      "height": "",
      "price": "",
      "moldPrice": "",
      "quantity": 1,
      "description": ""
    },
    "createdAt": "2026-01-31T07:27:37.254Z"
  },
  {
    "id": "aa0292d2-caf6-4b86-8b9a-9c05b341859f",
    "stockCode": "STK-SNZ4G",
    "inXml": true,
    "originalUrl": "https://instagram.ffru2-1.fna.fbcdn.net/v/t51.71878-15/589973444_1453271206538124_6915230419588050353_n.jpg?stp=dst-jpg_e15_tt6&_nc_cat=111&ig_cache_key=Mzc5MjkzMjU3NTE1MzEwMjAwNA%3D%3D.3-ccb7-5&ccb=7-5&_nc_sid=58cdad&efg=eyJ2ZW5jb2RlX3RhZyI6InhwaWRzLjY0MHgxMTM2LnNkci5DMyJ9&_nc_ohc=sKUsDzYgBZsQ7kNvwFIoD1m&_nc_oc=Adl8ZvK0r_S42WNZ92lvNXxPAlIS_VyK9TM_ulLe6C6W-tiBqcXyvRSThsM3N_RJXNY&_nc_ad=z-m&_nc_cid=0&_nc_zt=23&_nc_ht=instagram.ffru2-1.fna&_nc_gid=YGhsDaF8O16BQAHqkuoX-A&oh=00_AfuM8BPb9VURYqo1F-_EEjTCX0-tLEgUI1RH1zLJIqmM1g&oe=6983871A",
    "imageUrl": "/uploads/ab541bb9-1bf7-4312-82fa-141a002fca45.jpg",
    "title": "Görsel Ürün",
    "details": {
      "width": "",
      "height": "",
      "price": "",
      "moldPrice": "",
      "quantity": 1,
      "description": ""
    },
    "createdAt": "2026-01-31T07:27:37.260Z"
  },
  {
    "id": "b7260ab5-ad55-4ac7-91e8-8562f5c9bc20",
    "stockCode": "STK-XVL9L",
    "inXml": true,
    "originalUrl": "https://instagram.ffru2-1.fna.fbcdn.net/v/t51.71878-15/601933592_4090622064487819_6724488664838028363_n.jpg?stp=dst-jpg_e15_tt6&_nc_cat=111&ig_cache_key=Mzc5MjEyMzY2MDQwODU5NTkyNQ%3D%3D.3-ccb7-5&ccb=7-5&_nc_sid=58cdad&efg=eyJ2ZW5jb2RlX3RhZyI6InhwaWRzLjY0MHgxMTM2LnNkci5DMyJ9&_nc_ohc=BPhF7v6SA9kQ7kNvwEB3vEy&_nc_oc=AdkGfRuXgNUXbHa1EN5wM5NU177XoS2--DX0ChYMMqPy7R7TQs7fELe_73Mddx-mgoE&_nc_ad=z-m&_nc_cid=0&_nc_zt=23&_nc_ht=instagram.ffru2-1.fna&_nc_gid=iniy3G5xlvixTt6qFGXLjQ&oh=00_Afvqw5TfSzPo2kcUVQKCzEwgdGBK-yMmnq1jWV5tQH_A5Q&oe=69837440",
    "imageUrl": "/uploads/c42617ed-cad9-42a5-9cfe-70222b3bc343.jpg",
    "title": "Görsel Ürün",
    "details": {
      "width": "",
      "height": "",
      "price": "",
      "moldPrice": "",
      "quantity": 1,
      "description": ""
    },
    "createdAt": "2026-01-31T07:27:37.266Z"
  },
  {
    "id": "e539a694-b95f-467a-b738-0d25ba71f5ff",
    "stockCode": "STK-VW85Y",
    "inXml": true,
    "originalUrl": "https://instagram.ffru2-1.fna.fbcdn.net/v/t51.71878-15/587814364_713861314826393_3469467924029072913_n.jpg?stp=dst-jpg_e15_tt6&_nc_cat=101&ig_cache_key=Mzc5MjExNDI4MTkxOTczMzE1NQ%3D%3D.3-ccb7-5&ccb=7-5&_nc_sid=58cdad&efg=eyJ2ZW5jb2RlX3RhZyI6InhwaWRzLjY0MHgxMTM2LnNkci5DMyJ9&_nc_ohc=9t8fVXcHxm4Q7kNvwEfK7aT&_nc_oc=Adm729xPR7dwLeO5awB7pNkZ_5b7AamBEylLhQBesqV1U_YhKDVyseH1E9Lg_SQ9pwo&_nc_ad=z-m&_nc_cid=0&_nc_zt=23&_nc_ht=instagram.ffru2-1.fna&_nc_gid=iniy3G5xlvixTt6qFGXLjQ&oh=00_Afv6RuCA5u0-2IQddJkEgYdALrXNnyVgzdbfxPq-HDPhvA&oe=698372E7",
    "imageUrl": "/uploads/5752a443-7399-4af6-af1f-d56d2f37b3dd.jpg",
    "title": "Görsel Ürün",
    "details": {
      "width": "",
      "height": "",
      "price": "",
      "moldPrice": "",
      "quantity": 1,
      "description": ""
    },
    "createdAt": "2026-01-31T07:27:37.271Z"
  },
  {
    "id": "24bdb981-da58-450d-a9a8-2bab9cbc83f3",
    "stockCode": "STK-S1MDK",
    "inXml": true,
    "originalUrl": "https://instagram.ffru2-1.fna.fbcdn.net/v/t51.71878-15/601914188_1286539193280982_5017437484073531933_n.jpg?stp=dst-jpg_e15_tt6&_nc_cat=102&ig_cache_key=Mzc5MjEwNTM4Nzk0MDAzNjc5Mg%3D%3D.3-ccb7-5&ccb=7-5&_nc_sid=58cdad&efg=eyJ2ZW5jb2RlX3RhZyI6InhwaWRzLjY0MHgxMTM2LnNkci5DMyJ9&_nc_ohc=9LLo3NwupTUQ7kNvwFBpTlT&_nc_oc=AdnJ1iCxjo1UAhtbKCUbLJJjWX_rtOTcUOZ1nP3Hfls9AKXPaBkk7xb-u1ybPxnXUp4&_nc_ad=z-m&_nc_cid=0&_nc_zt=23&_nc_ht=instagram.ffru2-1.fna&_nc_gid=iniy3G5xlvixTt6qFGXLjQ&oh=00_AfuUKB-3cCqZOlQGQACLTTbt4wf9GgUGRzaWbZPsLqcT5Q&oe=69838380",
    "imageUrl": "/uploads/42a33b1f-3a69-49f5-9e58-67a9f6a1c326.jpg",
    "title": "Görsel Ürün",
    "details": {
      "width": "",
      "height": "",
      "price": "",
      "moldPrice": "",
      "quantity": 1,
      "description": ""
    },
    "createdAt": "2026-01-31T07:27:37.278Z"
  },
  {
    "id": "44da8d0a-9e5f-4111-af27-3c4afa637b2e",
    "stockCode": "STK-8W8L4",
    "inXml": true,
    "originalUrl": "https://instagram.ffru2-1.fna.fbcdn.net/v/t51.71878-15/603062230_2388762321582330_854060579873232921_n.jpg?stp=dst-jpg_e15_tt6&_nc_cat=101&ig_cache_key=Mzc5MTQ4NDQ0NTQ4NDI2NjI1OA%3D%3D.3-ccb7-5&ccb=7-5&_nc_sid=58cdad&efg=eyJ2ZW5jb2RlX3RhZyI6InhwaWRzLjY0MHgxMTM2LnNkci5DMyJ9&_nc_ohc=Lg4kDjvUwScQ7kNvwFdI6YM&_nc_oc=AdkOqusH5AFPcfGXMz15mFqDhTKUMapdSupSpXyUpkfohCislyHvZjhYF2TgYI-Ndwc&_nc_ad=z-m&_nc_cid=0&_nc_zt=23&_nc_ht=instagram.ffru2-1.fna&_nc_gid=iniy3G5xlvixTt6qFGXLjQ&oh=00_Afv8wykyiDcp0QZnf9nTl_JEPUHg3-DGgOuS-JBYMvzSAw&oe=698396D0",
    "imageUrl": "/uploads/ad3921e4-3a5f-4d48-a702-141ab9764f52.jpg",
    "title": "Görsel Ürün",
    "details": {
      "width": "",
      "height": "",
      "price": "",
      "moldPrice": "",
      "quantity": 1,
      "description": ""
    },
    "createdAt": "2026-01-31T07:27:37.285Z"
  },
  {
    "id": "138b9fda-79f6-46d5-ba28-cdf7672b9506",
    "stockCode": "STK-WWNI9",
    "inXml": true,
    "originalUrl": "https://instagram.ffru2-1.fna.fbcdn.net/v/t51.71878-15/603077381_2037814680329185_7087227394865604585_n.jpg?stp=dst-jpg_e15_tt6&_nc_cat=100&ig_cache_key=Mzc5MTQ3NTA4NTkzNjg3MDgwNQ%3D%3D.3-ccb7-5&ccb=7-5&_nc_sid=58cdad&efg=eyJ2ZW5jb2RlX3RhZyI6InhwaWRzLjY0MHgxMTM2LnNkci5DMyJ9&_nc_ohc=FQ69tN3u5RIQ7kNvwE9C8Qx&_nc_oc=AdnsULdYeb61y3ldNKzhbbrArm8r_a6UEdEKTGDBSQ7E5FykRKT5SWXxFO8WTrDwaYU&_nc_ad=z-m&_nc_cid=0&_nc_zt=23&_nc_ht=instagram.ffru2-1.fna&_nc_gid=iniy3G5xlvixTt6qFGXLjQ&oh=00_Afv3RG9oV_0AnAznWCuZoBv4L1XPW8-Z4XMG647KXIEDYQ&oe=69836FBE",
    "imageUrl": "/uploads/42c3da6a-d981-48e7-870d-b380047bed22.jpg",
    "title": "Görsel Ürün",
    "details": {
      "width": "",
      "height": "",
      "price": "",
      "moldPrice": "",
      "quantity": 1,
      "description": ""
    },
    "createdAt": "2026-01-31T07:27:37.292Z"
  },
  {
    "id": "1512e0bd-4eec-4b9c-a87e-714d40d5ce8e",
    "stockCode": "STK-X16W4",
    "inXml": true,
    "originalUrl": "https://instagram.ffru2-1.fna.fbcdn.net/v/t51.71878-15/601833172_25973702848904608_1136178536192277441_n.jpg?stp=dst-jpg_e15_tt6&_nc_cat=101&ig_cache_key=Mzc5MDcwOTAxNTI0NDM1MDU5OA%3D%3D.3-ccb7-5&ccb=7-5&_nc_sid=58cdad&efg=eyJ2ZW5jb2RlX3RhZyI6InhwaWRzLjY0MHgxMTM2LnNkci5DMyJ9&_nc_ohc=PDo9cbAPdPsQ7kNvwHsUyFj&_nc_oc=Adnd7FByPB4Sbn561IMT_msaUbDsOjkfMwvXyixfv1o_0SBNmLhiGuvaRCpaz8gfiqo&_nc_ad=z-m&_nc_cid=0&_nc_zt=23&_nc_ht=instagram.ffru2-1.fna&_nc_gid=iniy3G5xlvixTt6qFGXLjQ&oh=00_Afu6PKfrMFba0sByRAErzW-tAMtIkgkqVPRHycPsX5tmbA&oe=69837C07",
    "imageUrl": "/uploads/fe64bcb0-d828-4c17-8102-ccb49b4b57f4.jpg",
    "title": "Görsel Ürün",
    "details": {
      "width": "",
      "height": "",
      "price": "",
      "moldPrice": "",
      "quantity": 1,
      "description": ""
    },
    "createdAt": "2026-01-31T07:27:37.300Z"
  },
  {
    "id": "b48a874e-569c-4156-8823-e0567f4c4c15",
    "stockCode": "STK-A83SX",
    "inXml": true,
    "originalUrl": "https://instagram.ffru2-1.fna.fbcdn.net/v/t51.71878-15/590431943_1344775830286032_4744938219467340980_n.jpg?stp=dst-jpg_e15_tt6&_nc_cat=102&ig_cache_key=Mzc5MDY2MjYyOTM4Nzg0MjAxMA%3D%3D.3-ccb7-5&ccb=7-5&_nc_sid=58cdad&efg=eyJ2ZW5jb2RlX3RhZyI6InhwaWRzLjY0MHgxMTM2LnNkci5DMyJ9&_nc_ohc=htpxiejhGjAQ7kNvwEo1dI_&_nc_oc=AdkJ0_BSLVrhOQYwJS-j7oJdryAzMXpDMeH7jQlMrfMRHFIELDoD35Ln-PRlvq1uKM0&_nc_ad=z-m&_nc_cid=0&_nc_zt=23&_nc_ht=instagram.ffru2-1.fna&_nc_gid=iniy3G5xlvixTt6qFGXLjQ&oh=00_AfsJXdtb9We7PKLCtHfODvtPiQRCuQySiVY2bw4wSIqqWw&oe=69836FC0",
    "imageUrl": "/uploads/9d33a9c8-1ffa-4124-8967-0f3223b99075.jpg",
    "title": "Görsel Ürün",
    "details": {
      "width": "",
      "height": "",
      "price": "",
      "moldPrice": "",
      "quantity": 1,
      "description": ""
    },
    "createdAt": "2026-01-31T07:27:37.307Z"
  },
  {
    "id": "b25c6288-ff9e-4fd0-a312-01fb9a0b1f38",
    "stockCode": "STK-JQA9V",
    "inXml": true,
    "originalUrl": "https://instagram.ffru2-1.fna.fbcdn.net/v/t51.71878-15/602571338_1819855988895194_5461963101716820740_n.jpg?stp=dst-jpg_e15_tt6&_nc_cat=100&ig_cache_key=Mzc5MDY0ODE1MzgyMTMzMTI3NA%3D%3D.3-ccb7-5&ccb=7-5&_nc_sid=58cdad&efg=eyJ2ZW5jb2RlX3RhZyI6InhwaWRzLjY0MHgxMTM2LnNkci5DMyJ9&_nc_ohc=4nuoTDA-cVwQ7kNvwGHJJOB&_nc_oc=AdnQdIs9YnOkeLoJlu9B4lFv5Y1Z_pabFS2fzjMkEjSu8NX86Zk5dFr7SBxRzAlDJQQ&_nc_ad=z-m&_nc_cid=0&_nc_zt=23&_nc_ht=instagram.ffru2-1.fna&_nc_gid=iniy3G5xlvixTt6qFGXLjQ&oh=00_Afsa1QLmJy7MN6JuGff3FJv06bvlHma0agoSzNIcbnlcjw&oe=69838C03",
    "imageUrl": "/uploads/1fa02ec1-ea0f-4987-9f8e-a2b70259019d.jpg",
    "title": "Görsel Ürün",
    "details": {
      "width": "",
      "height": "",
      "price": "",
      "moldPrice": "",
      "quantity": 1,
      "description": ""
    },
    "createdAt": "2026-01-31T07:27:37.313Z"
  },
  {
    "id": "afd24b18-6910-44e5-83c2-f8c28a883a4f",
    "stockCode": "STK-0TLA7",
    "inXml": true,
    "originalUrl": "https://instagram.ffru2-1.fna.fbcdn.net/v/t51.71878-15/587407601_1640460013586359_8851566220414279925_n.jpg?stp=dst-jpg_e15_tt6&_nc_cat=100&ig_cache_key=Mzc4OTgyOTA3Njg0MDI0OTA3Ng%3D%3D.3-ccb7-5&ccb=7-5&_nc_sid=58cdad&efg=eyJ2ZW5jb2RlX3RhZyI6InhwaWRzLjY0MHgxMTM2LnNkci5DMyJ9&_nc_ohc=CoPDZ9a98sMQ7kNvwHaKR9_&_nc_oc=Adnm5XC5pH5oSiMcYqtFhCmLAMlSWunaqFu7MQPpvlvb4HcbeLxVny3iu1_78fn6C4w&_nc_ad=z-m&_nc_cid=0&_nc_zt=23&_nc_ht=instagram.ffru2-1.fna&_nc_gid=iniy3G5xlvixTt6qFGXLjQ&oh=00_AfvahHV02B4GRYvFTcsP2rHWAfuxX0OiSlekj_gdhaPnUA&oe=698367A8",
    "imageUrl": "/uploads/de9024e9-3ece-4c73-9c8f-0efaefdb54cf.jpg",
    "title": "Görsel Ürün",
    "details": {
      "width": "",
      "height": "",
      "price": "",
      "moldPrice": "",
      "quantity": 1,
      "description": ""
    },
    "createdAt": "2026-01-31T07:27:37.320Z"
  },
  {
    "id": "382ee0a7-a056-459e-9d89-52c590e853b7",
    "stockCode": "STK-6COWM",
    "inXml": true,
    "originalUrl": "https://instagram.ffru2-1.fna.fbcdn.net/v/t51.71878-15/586700647_1172479918410128_6786066462162841677_n.jpg?stp=dst-jpg_e15_tt6&_nc_cat=111&ig_cache_key=Mzc4OTExNTc3ODI0MzE1NzQyOQ%3D%3D.3-ccb7-5&ccb=7-5&_nc_sid=58cdad&efg=eyJ2ZW5jb2RlX3RhZyI6InhwaWRzLjY0MHgxMTM2LnNkci5DMyJ9&_nc_ohc=ld44uVT5_wUQ7kNvwEk68rc&_nc_oc=Adm-pHXIDmLH5HPliyxnq5UaxDJxTC8cXVhjfXNTSV8vwCynPIA3WIiWqXFISZ8JAXw&_nc_ad=z-m&_nc_cid=0&_nc_zt=23&_nc_ht=instagram.ffru2-1.fna&_nc_gid=iniy3G5xlvixTt6qFGXLjQ&oh=00_Afsz4tGFbRvbt3XQTrzWnnnC22Si9sORz_8KK6vd-sdlww&oe=6983844F",
    "imageUrl": "/uploads/2067e378-eb5d-4e67-bfa1-01ec3a1dc77a.jpg",
    "title": "Görsel Ürün",
    "details": {
      "width": "",
      "height": "",
      "price": "",
      "moldPrice": "",
      "quantity": 1,
      "description": ""
    },
    "createdAt": "2026-01-31T07:27:37.328Z"
  },
  {
    "id": "1d978541-5f1a-46cc-870b-e0dc43c6aa9e",
    "stockCode": "STK-X1WNO",
    "inXml": true,
    "originalUrl": "https://instagram.ffru2-1.fna.fbcdn.net/v/t51.71878-15/598064691_1244298457748489_662608824284852474_n.jpg?stp=dst-jpg_e15_tt6&_nc_cat=109&ig_cache_key=Mzc4OTA5MTg5NjEwMjY1MTk3NQ%3D%3D.3-ccb7-5&ccb=7-5&_nc_sid=58cdad&efg=eyJ2ZW5jb2RlX3RhZyI6InhwaWRzLjY0MHgxMTM2LnNkci5DMyJ9&_nc_ohc=myrFpbKgyOUQ7kNvwHLlfc0&_nc_oc=AdkxnPOGP_dLeF0JkkkVLMXNpPQoD_csRrfqDftCXdJD-OfjEKTB3FZaXoQvryZp4Bw&_nc_ad=z-m&_nc_cid=0&_nc_zt=23&_nc_ht=instagram.ffru2-1.fna&_nc_gid=iniy3G5xlvixTt6qFGXLjQ&oh=00_AftlK5xAg_q4RW1C1N5Twuv1dY6_qAq3zBuzCORNfestsw&oe=698393B5",
    "imageUrl": "/uploads/fbc08737-d3fb-4809-ba4c-be9d3314b713.jpg",
    "title": "Görsel Ürün",
    "details": {
      "width": "",
      "height": "",
      "price": "",
      "moldPrice": "",
      "quantity": 1,
      "description": ""
    },
    "createdAt": "2026-01-31T07:27:37.334Z"
  },
  {
    "id": "45030509-8b0a-47f8-9965-dc6b6548ab57",
    "stockCode": "STK-RLH4E",
    "inXml": true,
    "originalUrl": "https://instagram.ffru2-1.fna.fbcdn.net/v/t51.71878-15/599077150_870037802145363_4639572684541764541_n.jpg?stp=dst-jpg_e15_tt6&_nc_cat=107&ig_cache_key=Mzc4NzgwODA1NTI2NjI4MDU0Mg%3D%3D.3-ccb7-5&ccb=7-5&_nc_sid=58cdad&efg=eyJ2ZW5jb2RlX3RhZyI6InhwaWRzLjY0MHgxMTM2LnNkci5DMyJ9&_nc_ohc=yzlzq6AyKwwQ7kNvwEOL6fC&_nc_oc=AdmmTOWVK2P3tJAPGEVmOEfFYgxWLvnL6zwRja69MX6cy6ygdvXdA-4VWjZZGdnfur8&_nc_ad=z-m&_nc_cid=0&_nc_zt=23&_nc_ht=instagram.ffru2-1.fna&_nc_gid=iniy3G5xlvixTt6qFGXLjQ&oh=00_AfvQbYRxs9s-hAoozTW3eATVBRyqLESurBHydQnKp5W7sw&oe=69838939",
    "imageUrl": "/uploads/821db896-4106-4b55-b049-c5a856774d3d.jpg",
    "title": "Görsel Ürün",
    "details": {
      "width": "",
      "height": "",
      "price": "",
      "moldPrice": "",
      "quantity": 1,
      "description": ""
    },
    "createdAt": "2026-01-31T07:27:37.343Z"
  },
  {
    "id": "38e72ea3-b4ce-4c7a-8192-1010fbc4e38a",
    "stockCode": "STK-RH4XF",
    "inXml": true,
    "originalUrl": "https://instagram.ffru2-1.fna.fbcdn.net/v/t51.71878-15/590921344_807344268977238_1695303489909979166_n.jpg?stp=dst-jpg_e15_tt6&_nc_cat=100&ig_cache_key=Mzc4Nzc0MzE4Mjg5NzQyMDcyNg%3D%3D.3-ccb7-5&ccb=7-5&_nc_sid=58cdad&efg=eyJ2ZW5jb2RlX3RhZyI6InhwaWRzLjY0MHgxMTM2LnNkci5DMyJ9&_nc_ohc=cEiZMCLyAOkQ7kNvwEp6sUr&_nc_oc=Adlw7FC83IMp7k5tn6INjfrmG2kUH6J6H8vc9KYrsbZRcG8yHHCPL6o9HEialEbhAW4&_nc_ad=z-m&_nc_cid=0&_nc_zt=23&_nc_ht=instagram.ffru2-1.fna&_nc_gid=5HKlW58Gc-QCnJZgH0Khmw&oh=00_AfuXAgveqVNwLhq6kFSPyoWOg8IomVbu0MFkChh124vdsA&oe=69837449",
    "imageUrl": "/uploads/de56f31d-8798-4672-a216-ca04a700e1ea.jpg",
    "title": "Görsel Ürün",
    "details": {
      "width": "",
      "height": "",
      "price": "",
      "moldPrice": "",
      "quantity": 1,
      "description": ""
    },
    "createdAt": "2026-01-31T07:27:37.351Z"
  },
  {
    "id": "4cc4f609-94fe-40e6-9249-6494cff8cb31",
    "stockCode": "STK-F899H",
    "inXml": true,
    "originalUrl": "https://instagram.ffru2-1.fna.fbcdn.net/v/t51.71878-15/598351719_24790070367338388_6580948233635195399_n.jpg?stp=dst-jpg_e15_tt6&_nc_cat=100&ig_cache_key=Mzc4NzczMjc4NzkyNzM4MTQwOQ%3D%3D.3-ccb7-5&ccb=7-5&_nc_sid=58cdad&efg=eyJ2ZW5jb2RlX3RhZyI6InhwaWRzLjY0MHgxMTM2LnNkci5DMyJ9&_nc_ohc=Run40unmG9IQ7kNvwHKHbWo&_nc_oc=Adl_D4B-bHSjKhJwNnVTSwagOGjj-9K3HrSmcmY2Lym1bWnvbnR16U1_CUR1_kCUTDQ&_nc_ad=z-m&_nc_cid=0&_nc_zt=23&_nc_ht=instagram.ffru2-1.fna&_nc_gid=5HKlW58Gc-QCnJZgH0Khmw&oh=00_AftJmag6uFgXLQ52vSdD5wq2R1TDcwuqYmCPMbcl287F6g&oe=6983907D",
    "imageUrl": "/uploads/28a5e4c0-44d6-4773-8a13-ec9b28bdd227.jpg",
    "title": "Görsel Ürün",
    "details": {
      "width": "",
      "height": "",
      "price": "",
      "moldPrice": "",
      "quantity": 1,
      "description": ""
    },
    "createdAt": "2026-01-31T07:27:37.359Z"
  },
  {
    "id": "fa2f92de-22fe-4100-bb08-4438f9ae6bae",
    "stockCode": "STK-JUYB3",
    "inXml": true,
    "originalUrl": "https://instagram.ffru2-1.fna.fbcdn.net/v/t51.71878-15/588984859_2064211894154211_5487377419308664897_n.jpg?stp=dst-jpg_e15_tt6&_nc_cat=102&ig_cache_key=Mzc4NjEwMTQzMTYyMzM1Mjg3OQ%3D%3D.3-ccb7-5&ccb=7-5&_nc_sid=58cdad&efg=eyJ2ZW5jb2RlX3RhZyI6InhwaWRzLjY0MHgxMTM2LnNkci5DMyJ9&_nc_ohc=VI7y1nUuvNkQ7kNvwHjTT_4&_nc_oc=AdkL_BTf9qp1gfSWiiGEihOiF6jSVis8vAgPhgKREwFv5_CU7E821T401Znmdun4Wj8&_nc_ad=z-m&_nc_cid=0&_nc_zt=23&_nc_ht=instagram.ffru2-1.fna&_nc_gid=5HKlW58Gc-QCnJZgH0Khmw&oh=00_AftQM_Eyx9_dlIbp_d28OUGs2MJy_ZtbD4gwb5lvA9fKkg&oe=69836F07",
    "imageUrl": "/uploads/2612490c-fca0-41b2-87e1-e9839d35ec5e.jpg",
    "title": "Görsel Ürün",
    "details": {
      "width": "",
      "height": "",
      "price": "",
      "moldPrice": "",
      "quantity": 1,
      "description": ""
    },
    "createdAt": "2026-01-31T07:27:37.367Z"
  },
  {
    "id": "106658ca-e73f-4eab-960c-cf7aee2fcc4c",
    "stockCode": "STK-HZMVL",
    "inXml": true,
    "originalUrl": "https://instagram.ffru2-1.fna.fbcdn.net/v/t51.71878-15/590415144_1849983168958817_4884573372579634788_n.jpg?stp=dst-jpg_e15_tt6&_nc_cat=106&ig_cache_key=Mzc4NTM2NjQ2MjU5MjYyOTIwOQ%3D%3D.3-ccb7-5&ccb=7-5&_nc_sid=58cdad&efg=eyJ2ZW5jb2RlX3RhZyI6InhwaWRzLjY0MHgxMTM2LnNkci5DMyJ9&_nc_ohc=d57VgdhIfikQ7kNvwEtzAcG&_nc_oc=AdlesCgbep-VAueHZKuW3PYZNFJNeTMHaIEJvbTlFCvDbwtnc0v1PLj_Nx5EJ6b4NI0&_nc_ad=z-m&_nc_cid=0&_nc_zt=23&_nc_ht=instagram.ffru2-1.fna&_nc_gid=5HKlW58Gc-QCnJZgH0Khmw&oh=00_Afv1zYLYhpU7tTb-fqW7xLNkNaohC9bNbn32RbKkjhh-Yg&oe=698365CA",
    "imageUrl": "/uploads/4e5cae8f-8764-4044-b2fb-3dfbfb095b8f.jpg",
    "title": "Görsel Ürün",
    "details": {
      "width": "",
      "height": "",
      "price": "",
      "moldPrice": "",
      "quantity": 1,
      "description": ""
    },
    "createdAt": "2026-01-31T07:27:37.375Z"
  },
  {
    "id": "43088b8f-2c5e-4dd2-8eaf-ec0fa1aaa61b",
    "stockCode": "STK-J2PFV",
    "inXml": true,
    "originalUrl": "https://instagram.ffru2-1.fna.fbcdn.net/v/t51.71878-15/590415136_881808114539075_3963242387332573594_n.jpg?stp=dst-jpg_e15_tt6&_nc_cat=102&ig_cache_key=Mzc4NTM1OTU0ODI4MjQ1MzczMg%3D%3D.3-ccb7-5&ccb=7-5&_nc_sid=58cdad&efg=eyJ2ZW5jb2RlX3RhZyI6InhwaWRzLjY0MHgxMTM2LnNkci5DMyJ9&_nc_ohc=4lr30CtcOH8Q7kNvwEHa8VR&_nc_oc=AdkkwSBAuUhe8fh6yrX4nMzU1Gpdyi6XGa2XbVoOgroQ26l8p8mDlJMm-B57JDoFZi0&_nc_ad=z-m&_nc_cid=0&_nc_zt=23&_nc_ht=instagram.ffru2-1.fna&_nc_gid=5HKlW58Gc-QCnJZgH0Khmw&oh=00_AfuxkTvDzYOiapIYpSIPPN8W94hbUJjePV_O6jejy_pUPg&oe=69836B0E",
    "imageUrl": "/uploads/b9e94d7a-002d-4a25-a141-82ccdf8b4deb.jpg",
    "title": "Görsel Ürün",
    "details": {
      "width": "",
      "height": "",
      "price": "",
      "moldPrice": "",
      "quantity": 1,
      "description": ""
    },
    "createdAt": "2026-01-31T07:27:37.383Z"
  },
  {
    "id": "33bdd0fb-baef-4790-b642-3006c4afae46",
    "stockCode": "STK-QBJDA",
    "inXml": true,
    "originalUrl": "https://instagram.ffru2-1.fna.fbcdn.net/v/t51.71878-15/566283065_1782542875793139_5914574571105313113_n.jpg?stp=dst-jpg_e15_tt6&_nc_cat=111&ig_cache_key=Mzc4NDg5NDMyOTIwMjU5NjEyNQ%3D%3D.3-ccb7-5&ccb=7-5&_nc_sid=58cdad&efg=eyJ2ZW5jb2RlX3RhZyI6InhwaWRzLjY0MHgxMTM2LnNkci5DMyJ9&_nc_ohc=ubKoZ8t2pzwQ7kNvwHcCiro&_nc_oc=Adk_2aoJ-Egm2Gi1LnUnoQGSYs-2a-XT_4alT7J9YbQfLHnSyCTRJ4QxQnvZoYLHgJ4&_nc_ad=z-m&_nc_cid=0&_nc_zt=23&_nc_ht=instagram.ffru2-1.fna&_nc_gid=5HKlW58Gc-QCnJZgH0Khmw&oh=00_AfvYfZ36YZTc-nPCepn0OH79xHmyNIRrBCeLu9mjZNuC_A&oe=69836A08",
    "imageUrl": "/uploads/045e021b-836d-4c61-a426-bbb146adc9e3.jpg",
    "title": "Görsel Ürün",
    "details": {
      "width": "",
      "height": "",
      "price": "",
      "moldPrice": "",
      "quantity": 1,
      "description": ""
    },
    "createdAt": "2026-01-31T07:27:37.393Z"
  },
  {
    "id": "6774d5ec-028f-44db-9d78-e4d5fb6ed6ad",
    "stockCode": "STK-GNQRP",
    "inXml": true,
    "originalUrl": "https://instagram.ffru2-1.fna.fbcdn.net/v/t51.71878-15/591122134_1576801276578407_6907438600093160439_n.jpg?stp=dst-jpg_e15_tt6&_nc_cat=108&ig_cache_key=Mzc4NDg4NjAxMjgxMjA5NTA3OQ%3D%3D.3-ccb7-5&ccb=7-5&_nc_sid=58cdad&efg=eyJ2ZW5jb2RlX3RhZyI6InhwaWRzLjY0MHgxMTM2LnNkci5DMyJ9&_nc_ohc=9WgctNeV_CQQ7kNvwHRjqqj&_nc_oc=Adnumu3N562rjhZyxQ-JLcEzy_58usG9z-khIUOkGOLiFFgReIYqwSvkTL_W63j8V_Y&_nc_ad=z-m&_nc_cid=0&_nc_zt=23&_nc_ht=instagram.ffru2-1.fna&_nc_gid=5HKlW58Gc-QCnJZgH0Khmw&oh=00_AfulMnXIuTJPo9s03sa0wy0B9slZfUlQyGYEJVnCMMYJnA&oe=69837977",
    "imageUrl": "/uploads/064fb702-3d31-4c87-8ee0-f95465a2d799.jpg",
    "title": "Görsel Ürün",
    "details": {
      "width": "",
      "height": "",
      "price": "",
      "moldPrice": "",
      "quantity": 1,
      "description": ""
    },
    "createdAt": "2026-01-31T07:27:37.401Z"
  },
  {
    "id": "80126c1b-5329-46a3-9f5a-0cfdb8270a53",
    "stockCode": "STK-1AEPE",
    "inXml": true,
    "originalUrl": "https://instagram.ffru2-1.fna.fbcdn.net/v/t51.71878-15/588554544_2071360443638441_4976873024677520929_n.jpg?stp=dst-jpg_e15_tt6&_nc_cat=105&ig_cache_key=Mzc4MzQ1OTYyOTc2MjI2NjE4Nw%3D%3D.3-ccb7-5&ccb=7-5&_nc_sid=58cdad&efg=eyJ2ZW5jb2RlX3RhZyI6InhwaWRzLjY0MHgxMTM2LnNkci5DMyJ9&_nc_ohc=wPAb6WF8u1EQ7kNvwHUrnK6&_nc_oc=AdmhNg8POOyuG7EYIO_KJUMgbdtIoQeAkSuO0SHHepYfBnOYNQzdvfDL-2d4yPmIuHQ&_nc_ad=z-m&_nc_cid=0&_nc_zt=23&_nc_ht=instagram.ffru2-1.fna&_nc_gid=5HKlW58Gc-QCnJZgH0Khmw&oh=00_AfuBgL8Lhc544pJVj1Tl3L2AmLXcs2n_BBuS8bfaeq50FQ&oe=69837ADC",
    "imageUrl": "/uploads/b9cbd11d-2131-4ac8-a5ec-342aba9c3a80.jpg",
    "title": "Görsel Ürün",
    "details": {
      "width": "",
      "height": "",
      "price": "",
      "moldPrice": "",
      "quantity": 1,
      "description": ""
    },
    "createdAt": "2026-01-31T07:27:37.408Z"
  },
  {
    "id": "ff4f9bfb-6d6b-47a3-ab46-4f7f28d06a5c",
    "stockCode": "STK-Q7O3X",
    "inXml": true,
    "originalUrl": "https://instagram.ffru2-1.fna.fbcdn.net/v/t51.71878-15/588040264_1165128535832339_363772867373406525_n.jpg?stp=dst-jpg_e15_tt6&_nc_cat=105&ig_cache_key=Mzc4MzQ1MjgxNDMwMzQ5MDU5Ng%3D%3D.3-ccb7-5&ccb=7-5&_nc_sid=58cdad&efg=eyJ2ZW5jb2RlX3RhZyI6InhwaWRzLjY0MHgxMTM2LnNkci5DMyJ9&_nc_ohc=LIDh-gPXyLsQ7kNvwGzL3Wa&_nc_oc=AdkKTT4sRk0CdiIWaauigjWv1w4RUNn9zetPO3QM1x-HiW2WGKEXyboNuus7XACOroc&_nc_ad=z-m&_nc_cid=0&_nc_zt=23&_nc_ht=instagram.ffru2-1.fna&_nc_gid=5HKlW58Gc-QCnJZgH0Khmw&oh=00_Afv3saN3bKie92bJ9T3Pl1MLZr61ljct7p7V2RFqR2NMEg&oe=698380FF",
    "imageUrl": "/uploads/128caba8-6107-496d-accb-1d01c4735b8d.jpg",
    "title": "Görsel Ürün",
    "details": {
      "width": "",
      "height": "",
      "price": "",
      "moldPrice": "",
      "quantity": 1,
      "description": ""
    },
    "createdAt": "2026-01-31T07:27:37.417Z"
  },
  {
    "id": "76f028fb-1094-46e6-ac43-ceb783a7dd41",
    "stockCode": "STK-GZKIB",
    "inXml": true,
    "originalUrl": "https://instagram.ffru2-1.fna.fbcdn.net/v/t51.71878-15/591169271_856965430412359_632844939251750625_n.jpg?stp=dst-jpg_e15_tt6&_nc_cat=101&ig_cache_key=Mzc4MjcxNTM1NDA5OTM1MzM0NQ%3D%3D.3-ccb7-5&ccb=7-5&_nc_sid=58cdad&efg=eyJ2ZW5jb2RlX3RhZyI6InhwaWRzLjY0MHgxMTM2LnNkci5DMyJ9&_nc_ohc=ZmdAtzOJbrMQ7kNvwHSJ9po&_nc_oc=AdmfieG9iftYoq-DYSgGwws1G61kO3X6DRRubLv2xOwolsDgfGbiLZMppkR6YT_l4ys&_nc_ad=z-m&_nc_cid=0&_nc_zt=23&_nc_ht=instagram.ffru2-1.fna&_nc_gid=ehDLxdJNLVme7YnBRflc_Q&oh=00_AfvmfDsqvxqkzqfgHCt0QdAlZgXYZuIDKjXB3f38VYEbVw&oe=698398FD",
    "imageUrl": "/uploads/a2e29dd9-b0ac-4a35-b68f-80d2e3823a59.jpg",
    "title": "Görsel Ürün",
    "details": {
      "width": "",
      "height": "",
      "price": "",
      "moldPrice": "",
      "quantity": 1,
      "description": ""
    },
    "createdAt": "2026-01-31T07:27:37.425Z"
  },
  {
    "id": "ccc0e0c0-0102-4806-8904-39bfa276e695",
    "stockCode": "STK-J42JF",
    "inXml": true,
    "originalUrl": "https://instagram.ffru2-1.fna.fbcdn.net/v/t51.71878-15/587800867_708264635299807_8109835995651263238_n.jpg?stp=dst-jpg_e15_tt6&_nc_cat=109&ig_cache_key=Mzc4MTI4OTg5NDQ0MjMzMjcwMg%3D%3D.3-ccb7-5&ccb=7-5&_nc_sid=58cdad&efg=eyJ2ZW5jb2RlX3RhZyI6InhwaWRzLjY0MHgxMTM2LnNkci5DMyJ9&_nc_ohc=VBQi3MtQcu0Q7kNvwHcdxmf&_nc_oc=AdmTAAzIPJSjgb7LA5ssbceC6vuBBSILTfVDEto7ZqABi7QJmwaFBjGEketntvYZy5E&_nc_ad=z-m&_nc_cid=0&_nc_zt=23&_nc_ht=instagram.ffru2-1.fna&_nc_gid=ehDLxdJNLVme7YnBRflc_Q&oh=00_AfvgJyKrDK_lHjV1B499nyYXv1t2165ju9SZzVDkNyH00A&oe=69837476",
    "imageUrl": "/uploads/2d8254db-13e4-478f-875f-a0df7eb218b3.jpg",
    "title": "Görsel Ürün",
    "details": {
      "width": "",
      "height": "",
      "price": "",
      "moldPrice": "",
      "quantity": 1,
      "description": ""
    },
    "createdAt": "2026-01-31T07:27:37.432Z"
  },
  {
    "id": "08313a61-0cdc-4ed0-9725-ae67027e8f32",
    "stockCode": "STK-6SPVH",
    "inXml": true,
    "originalUrl": "https://instagram.ffru2-1.fna.fbcdn.net/v/t51.71878-15/591168481_1169709321473203_8047166316436861533_n.jpg?stp=dst-jpg_e15_tt6&_nc_cat=111&ig_cache_key=Mzc4MTI2MDQ0OTM3MTMxNzM2NA%3D%3D.3-ccb7-5&ccb=7-5&_nc_sid=58cdad&efg=eyJ2ZW5jb2RlX3RhZyI6InhwaWRzLjY0MHgxMTM2LnNkci5DMyJ9&_nc_ohc=Umsa5k_dLLQQ7kNvwHZI09h&_nc_oc=AdmTsI8SaRZ7-6dRbH1tXoT-3jOXLCGWxmSsmg6wN7ZA1OL2AY_G3QO7WEXGnrlqWjU&_nc_ad=z-m&_nc_cid=0&_nc_zt=23&_nc_ht=instagram.ffru2-1.fna&_nc_gid=ehDLxdJNLVme7YnBRflc_Q&oh=00_Aft_Lp-t6lYqncsQ-y3wgp4lSNXre3xYAyoZrC2RuPr0hQ&oe=6983764F",
    "imageUrl": "/uploads/e2d16ffb-c919-4e34-a0ec-476369a9d9de.jpg",
    "title": "Görsel Ürün",
    "details": {
      "width": "",
      "height": "",
      "price": "",
      "moldPrice": "",
      "quantity": 1,
      "description": ""
    },
    "createdAt": "2026-01-31T07:27:37.440Z"
  },
  {
    "id": "7bbd5e5a-bd37-4f53-a79d-933f1ac06663",
    "stockCode": "STK-JWLJ8",
    "inXml": true,
    "originalUrl": "https://instagram.ffru2-1.fna.fbcdn.net/v/t51.71878-15/590403462_1156592763253277_2163321699982600663_n.jpg?stp=dst-jpg_e15_tt6&_nc_cat=105&ig_cache_key=Mzc3OTYzMjQ2NTQwNTE5MzA1Mw%3D%3D.3-ccb7-5&ccb=7-5&_nc_sid=58cdad&efg=eyJ2ZW5jb2RlX3RhZyI6InhwaWRzLjY0MHgxMTM2LnNkci5DMyJ9&_nc_ohc=GdCjFYzkKGIQ7kNvwHCYte6&_nc_oc=Adn7TgHJsgmueAOxLzuiVoKoGfHtt5m-jJpfHB_vaCwQemegOajcAooo4W4XlCZH5ro&_nc_ad=z-m&_nc_cid=0&_nc_zt=23&_nc_ht=instagram.ffru2-1.fna&_nc_gid=ehDLxdJNLVme7YnBRflc_Q&oh=00_Afsr-nU1i6MqSLUuxMFaArwcWCEXd0-mgN5472hO9pzYqQ&oe=69836D87",
    "imageUrl": "/uploads/d9a792bd-9647-4f19-b9c5-0c345be9e70e.jpg",
    "title": "Görsel Ürün",
    "details": {
      "width": "",
      "height": "",
      "price": "",
      "moldPrice": "",
      "quantity": 1,
      "description": ""
    },
    "createdAt": "2026-01-31T07:27:37.447Z"
  },
  {
    "id": "ec2578e8-2438-4d68-9869-fa599a0c72a3",
    "stockCode": "STK-1BAEY",
    "inXml": true,
    "originalUrl": "https://instagram.ffru2-1.fna.fbcdn.net/v/t51.71878-15/587790578_3782936562011947_2963062231817163581_n.jpg?stp=dst-jpg_e15_tt6&_nc_cat=101&ig_cache_key=Mzc3OTU5MDQ4NDI3MjQ5MjI0Mg%3D%3D.3-ccb7-5&ccb=7-5&_nc_sid=58cdad&efg=eyJ2ZW5jb2RlX3RhZyI6InhwaWRzLjY0MHgxMTM2LnNkci5DMyJ9&_nc_ohc=3BohSMLqjx4Q7kNvwFEQzVB&_nc_oc=AdkTmwEITYzp4cg7hSjXYf8_UeOl9uBAXLnA7VteQwAIXMic1Md2XFl7BCfjN0_bwQg&_nc_ad=z-m&_nc_cid=0&_nc_zt=23&_nc_ht=instagram.ffru2-1.fna&_nc_gid=ehDLxdJNLVme7YnBRflc_Q&oh=00_Afvl-SgAKYJmOKyb-JMVUZ4aXPAkUZtG1zSRJbvvgPUnAA&oe=69836961",
    "imageUrl": "/uploads/aaedd04a-0b75-4b55-9ccb-474ab54b5537.jpg",
    "title": "Görsel Ürün",
    "details": {
      "width": "",
      "height": "",
      "price": "",
      "moldPrice": "",
      "quantity": 1,
      "description": ""
    },
    "createdAt": "2026-01-31T07:27:37.457Z"
  }
]